wo_id,asset_id,type,priority,raised_date,due_date,completed_date,status
WO-100001,AST-0061,Emergency,P1,2024-10-01,2024-10-04,2024-10-08,Completed
WO-100002,AST-0124,Corrective,P3,2024-10-01,2024-10-23,2024-10-16,Completed
WO-100003,AST-0186,Preventive,P3,2024-10-01,2024-10-24,2024-10-22,Completed
WO-100004,AST-0069,Corrective,P3,2024-10-01,2024-10-27,2024-10-26,COMPLETE
WO-100005,AST-0069,Emergency,P1,02/10/2024,04/10/2024,04/10/2024,Completed
WO-100006,AST-0140,CM,P2,2024-10-04,2024-10-09,,In Progress
WO-100007,AST-0164,Preventive,P3,2024-10-04,2024-11-01,,open
WO-100008,AST-0010,Corrective,P1,2024-10-04,2024-10-07,2024-10-04,Completed
WO-100009,AST-0092,Preventive,P2,2024-10-04,2024-10-09,2024-10-04,Completed
WO-100010,AST-0101,Inspection,P3,2024-10-05,2024-10-19,2024-10-19,COMPLETE
WO-100011,AST-0080,Corrective,P3,2024-10-05,2024-11-03,2024-10-25,Completed
WO-100012,AST-0161,preventive,3,2024-10-06,2024-11-03,2024-10-29,completed 
WO-100013,AST-0186,PREVENTIVE,P4,2024-10-07,2024-11-14,2024-10-24,Completed
WO-100014,AST-0013,Preventive,P3,2024-10-07,2024-10-28,2024-10-27,Completed
WO-100015,AST-0110,preventive,P4,2024-10-08,2024-11-11,2024-11-07,Completed
WO-100016,AST-0134,PREVENTIVE,P4,2024-10-08,2024-11-30,,Cancelled
WO-100017,AST-0071,Corrective,P3,2024-10-09,2024-10-30,2024-11-09,Completed
WO-100018,AST-0197,Preventive,P3,2024-10-09,,,In Progress
WO-100019,AST-0040,Emergency,P1,2024-10-09,,2024-10-09,Completed
WO-100020,AST-0119,Preventive,P3,2024-10-09,2024-10-25,2024-10-24,Completed
WO-100021,AST-0042,Corrective,2,2024-10-11,2024-10-17,2024-10-23,Closed
WO-100022,AST-0138,CM,P4,N/A,2024-11-28,,Completed
WO-100023,AST-0146,Corrective,P2,2024-10-13,2024-10-20,,open
WO-100024,AST-0165,Corrective,P2,2024-10-13,2024-10-22,2024-10-14,Completed
WO-100025,AST-0026,corrective,P3,2024-10-13,2024-11-12,2024-10-24,Completed
WO-100026,AST-0110,PREVENTIVE,P1,2024-10-13,2024-10-14,2024-10-14,completed 
WO-100027,AST-0018,Corrective,P4,2024-10-13,2024-11-13,2024-12-09,Completed
WO-100028,AST-0193,Preventive,P4,2024-10-14,2024-11-29,2024-10-17,Completed
WO-100029,AST-0037,inspection,P3,2024-10-14,2024-11-12,2024-10-30,Completed
WO-100030,AST-0011,Preventive,3,2024-10-14,2024-10-29,2024-10-17,Completed
WO-100031,AST-0123,Inspection,P3,2024-10-14,2024-11-05,,Cancelled
WO-100032,AST-0118,inspection,,2024-10-14,2024-10-17,2024-11-06,Completed
WO-100033,AST-0171,PM,P3,2024-10-15,2024-11-08,2024-10-17,Completed
WO-100034,AST-0165,Corrective,1,2024-10-15,2024-10-16,2024-11-15,COMPLETE
WO-100035,AST-0058,Preventive,P3,2024-10-15,2024-11-13,2024-11-02,Completed
WO-100036,AST-0047,Corrective,P4,2024-10-16,2024-11-26,2024-10-25,Completed
WO-100037,AST-0144,CM,P4,16/10/2024,18/11/2024,0000-00-00,Completed
WO-100038,AST-0168,EM,P1,2024-10-17,2024-10-18,2024-10-17,Completed
WO-100039,AST-0152,Corrective,P4,2024-10-17,2024-12-14,2024-10-28,Completed
WO-100040,AST-0014,Corrective,4,2024-10-17,2024-11-18,2024-10-27,Completed
WO-100041,AST-0101,Corrective,,2024-10-18,2024-11-17,2024-10-26,Completed
WO-100042,AST-0116,Preventive,P2,2024-10-18,2024-10-27,2024-11-12,Completed
WO-100043,AST-0128,Preventive,P3,2024-10-18,2024-11-03,2024-10-24,Completed
WO-100044,AST-0029,Preventive,P2,2024-10-18,2024-10-25,2024-10-20,Completed
WO-100045,AST-0157,Preventive,P3,2024-10-18,2024-11-05,2024-10-30,Completed
WO-100046,AST-0172,Corrective,P2,2024-10-19,2024-10-28,2024-10-27,completed 
WO-100047,AST-0053,Corrective,,2024-10-19,2024-11-03,,Open
WO-100048,AST-0004,Preventive,P3,2024-10-19,2024-11-11,2024-11-04,Completed
WO-100049,AST-0045,corrective,P3,2024-10-20,2024-11-18,2024-10-27,Completed
WO-100050,AST-0120,Corrective,P3,2024-10-20,2024-11-19,2024-10-26,Completed
WO-100051,AST-0136,Preventive,P3,2024-10-20,2024-11-13,2024-11-13,Completed
WO-100052,AST-0151,preventive,P3,2024-10-22,2024-11-10,2024-11-02,Completed
WO-100053,AST-0110,preventive,P4,2024-10-22,2024-11-25,2024-11-06,Completed
WO-100054,AST-9011,CM,P3,2024-10-22,2024-11-17,2024-11-17,Completed
WO-100055,AST-0066,Corrective,P4,2024-10-22,2024-11-24,2024-11-07,Completed
WO-100056,AST-0140,PM,P2,2024-10-23,2024-10-29,2024-10-24,Completed
WO-100057,AST-0109,Preventive,,2024-10-23,2024-11-18,2024-10-23,Closed
WO-100058,AST-0162,Corrective,P2,2024-10-23,2024-10-28,2024-11-22,Completed
WO-100059,AST-0186,PREVENTIVE,P3,2024-10-24,2024-11-07,2024-10-28,completed 
WO-100060,AST-0085,Corrective,P3,2024-10-24,2024-11-08,,open
WO-100061,AST-0097,Preventive,P4,2024-10-24,2024-12-17,,In Progress
WO-100062,AST-0053,Preventive,P2,2024-10-24,2024-11-02,2024-10-26,Completed
WO-100063,AST-0192,Inspection,4,2024-10-24,2024-12-17,2024-12-12,completed 
WO-100064,AST-0074,Preventive,P2,25/10/2024,03/11/2024,26/10/2024,COMPLETE
WO-100065,AST-0186,CM,P4,2024-10-25,2024-12-08,2024-11-12,Completed
WO-100066,AST-0145,PM,P4,2024-10-25,2024-12-16,2024-11-05,Completed
WO-100067,AST-0167,Preventive,P4,2024-10-25,2024-12-15,2024-12-23,Closed
WO-100068,AST-0018,Corrective,P3,2024-10-27,2024-11-24,2024-10-30,Completed
WO-100069,AST-0116,Corrective,P4,0000-00-00,15/12/2024,10/12/2024,completed 
WO-100070,AST-0157,CM,P3,2024-10-27,2024-11-11,,IN_PROGRESS
WO-100071,AST-0047,Corrective,P2,27/10/2024,03/11/2024,01/11/2024,Completed
WO-100072,AST-0087,PM,P3,27/10/2024,18/11/2024,29/10/2024,Completed
WO-100073,AST-0169,Corrective,P3,2024-10-28,2024-11-16,2024-11-29,Completed
WO-100074,AST-0127,Corrective,4,2024-10-29,2024-12-20,2025-01-08,Completed
WO-100075,AST-0116,Preventive,P3,2024-10-29,2024-11-27,2024-11-02,Completed
WO-100076,AST-0010,Corrective,P3,2024-10-30,2024-11-18,2024-12-18,Completed
WO-100077,AST-0064,Preventive,P4,2024-10-30,2024-12-08,,OPEN
WO-100078,AST-0098,Corrective,P4,2024-10-30,2024-12-12,2024-12-24,COMPLETE
WO-100079,AST-0060,PM,P3,2024-10-31,2024-11-22,2024-12-09,Completed
WO-100080,AST-0002,Preventive,2,2024-10-31,2024-11-09,,Completed
WO-100081,AST-0135,Corrective,P4,2024-10-31,2024-12-18,2024-11-07,Completed
WO-100082,AST-0100,PM,P2,2024-11-01,2024-11-08,,Open
WO-100083,AST-0046,preventive,P3,2024-11-01,2024-11-21,2024-11-20,Completed
WO-100084,AST-0026,CM,P3,2024-11-01,2024-11-17,2024-11-03,Completed
WO-100085,AST-0118,Corrective,P4,2024-11-02,2024-12-15,2024-11-30,COMPLETE
WO-100086,AST-0158,Corrective,3,2024-11-02,2024-11-19,,In Progress
WO-100087,AST-0182,Preventive,P2,2024-11-02,2024-11-09,2024-11-24,Completed
WO-100088,AST-0015,Corrective,P2,2024-11-03,2024-11-13,2024-11-09,Completed
WO-100089,AST-0139,Preventive,P3,2024-11-05,2024-11-29,,open
WO-100090,AST-0140,PREVENTIVE,3,2024-11-05,2024-11-21,,In Progress
WO-100091,AST-0004,Preventive,P2,05/11/2024,15/11/2024,05/11/2024,Completed
WO-100092,AST-0185,inspection,2,2024-11-06,2024-11-15,2024-11-12,Completed
WO-100093,AST-0172,INSP,P3,2024-11-06,2024-11-26,2024-11-23,Completed
WO-100094,AST-0141,Corrective,P3,2024-11-06,2024-11-22,2024-11-18,Completed
WO-100095,AST-0057,Corrective,P4,2024-11-06,2025-01-05,2024-11-14,Completed
WO-100096,AST-0006,Preventive,P3,2024-11-07,2024-11-30,2024-11-30,Completed
WO-100097,AST-0065,PM,P3,2024-11-07,2024-11-23,2024-12-11,Completed
WO-100098,AST-9020,Corrective,P2,2024-11-08,2024-11-13,2024-11-08,Completed
WO-100099,AST-0125,PM,P2,2024-11-08,,2024-11-09,Completed
WO-100100,AST-0179,Preventive,P3,2024-11-08,2024-11-24,2024-11-08,Completed
WO-100101,AST-0146,Preventive,,2024-11-08,2024-12-15,,Cancelled
WO-100102,AST-0021,PM,3,2024-11-09,,2024-11-12,Completed
WO-100103,AST-0186,Preventive,P1,2024-11-09,2024-11-11,2024-11-10,Completed
WO-100104,AST-9003,Corrective,P3,2024-11-10,2024-12-09,2024-11-25,Completed
WO-100105,AST-0014,Preventive,P2,2024-11-10,2024-11-20,2024-12-20,Completed
WO-100106,AST-9007,Corrective,P1,2024-11-10,2024-11-13,2024-11-13,Completed
WO-100107,AST-0103,Preventive,P3,2024-11-10,2024-12-05,2024-11-24,Completed
WO-100108,AST-9012,inspection,P2,2024-11-10,2024-11-16,2024-11-13,Completed
WO-100109,AST-0176,Preventive,3,2024-11-11,2024-11-27,2024-11-20,COMPLETE
WO-100110,AST-0061,corrective,4,2024-11-11,2024-12-17,,Cancelled
WO-100111,AST-0101,Preventive,P4,2024-11-11,2024-12-23,2024-11-20,Closed
WO-100112,AST-0165,preventive,P3,2024-11-11,2024-11-26,2024-11-18,Completed
WO-100113,AST-0195,Corrective,P4,2024-11-12,2024-12-15,2024-12-06,Completed
WO-100114,AST-0158,Corrective,P3,2024-11-12,2024-11-27,2024-11-18,Completed
WO-100115,AST-0164,INSP,P2,2024-11-13,2024-11-23,,Open
WO-100116,AST-0060,Inspection,3,13/11/2024,12/12/2024,13/11/2024,Completed
WO-100117,AST-0195,preventive,2,2024-11-14,2024-11-19,2024-11-17,Completed
WO-100118,AST-0098,Inspection,3,2024-11-14,2024-12-01,2024-11-22,Completed
WO-100119,AST-0141,Inspection,2,2024-11-14,2024-11-20,2024-11-19,COMPLETE
WO-100120,AST-0060,Inspection,P2,2024-11-15,2024-11-23,2024-11-15,COMPLETE
WO-100121,AST-0055,CM,P2,2024-11-15,2024-11-22,,OPEN
WO-100122,AST-0147,Preventive,P4,2024-11-15,2024-12-19,2024-12-01,Completed
WO-100123,AST-0163,Corrective,P4,2024-11-15,2024-12-28,2025-01-02,Closed
WO-100124,AST-0023,Preventive,P3,2024-11-16,2024-12-02,2024-11-25,Completed
WO-100125,AST-0065,Corrective,P3,2024-11-16,2024-12-16,2024-11-19,COMPLETE
WO-100126,AST-0190,CM,P3,2024-11-16,2024-12-02,2024-11-30,Completed
WO-100127,AST-0175,Corrective,P3,2024-11-16,2024-12-01,,CANCELLED
WO-100128,AST-0097,Preventive,P2,2024-11-16,2024-11-22,2024-11-10,Completed
WO-100129,AST-0188,PREVENTIVE,P1,2024-11-18,2024-11-19,,Completed
WO-100130,AST-0102,Corrective,P4,2024-11-18,2024-12-23,2024-12-26,COMPLETE
WO-100131,AST-0090,PREVENTIVE,P3,2024-11-19,2024-12-12,2024-12-12,Completed
WO-100132,AST-0176,Corrective,P3,19/11/2024,,22/11/2024,Completed
WO-100133,AST-0035,PREVENTIVE,P3,2024-11-20,2024-12-16,2024-12-03,Completed
WO-100134,AST-0001,Corrective,P3,2024-11-20,2024-12-10,,Completed
WO-100135,AST-0157,Corrective,P2,2024-11-21,2024-11-29,2024-12-24,Completed
WO-100136,AST-0197,preventive,P4,2024-11-21,2024-12-29,2025-01-24,Completed
WO-100137,AST-0141,Corrective,P1,2024-11-21,2024-11-23,2024-11-23,Completed
WO-100138,AST-0015,PM,P2,2024-11-22,2024-12-01,2024-12-29,Completed
WO-100139,AST-0084,Preventive,P3,2024-11-23,2024-12-13,,Open
WO-100140,AST-0061,Preventive,P2,2024-11-23,2024-12-02,2024-11-30,Completed
WO-100141,AST-0105,Corrective,P4,2024-11-23,2025-01-19,,In Progress
WO-100142,AST-0187,Corrective,P3,2024-11-24,2024-12-11,2024-12-25,Completed
WO-100143,AST-0006,Preventive,P3,2024-11-24,2024-12-22,2024-12-07,Completed
WO-100144,AST-0055,Preventive,P4,2024-11-24,2025-01-03,2024-12-16,COMPLETE
WO-100145,AST-0037,Preventive,P3,2024-11-24,2024-12-15,2024-11-27,Completed
WO-100146,AST-0039,Corrective,P2,2024-11-24,2024-11-29,2024-11-25,completed 
WO-100147,AST-0159,Corrective,P3,2024-11-24,2024-12-22,2025-01-14,Completed
WO-100148,AST-0021,Corrective,P3,2024-11-25,2024-12-12,2024-11-30,Completed
WO-100149,AST-0105,PREVENTIVE,P3,2024-11-25,2024-12-17,2024-12-15,Completed
WO-100150,AST-0167,Preventive,P3,2024-11-25,2024-12-16,2024-11-28,Completed
WO-100151,AST-0180,Preventive,3,2024-11-26,2024-12-19,2024-12-01,Completed
WO-100152,AST-0050,Inspection,P3,26/11/2024,13/12/2024,12/12/2024,Completed
WO-100153,AST-0076,PM,2,2024-11-27,2024-12-06,2024-11-26,Completed
WO-100154,AST-0101,Preventive,P1,2024-11-27,2024-11-29,2024-12-26,COMPLETE
WO-100155,AST-0175,Inspection,P2,2024-11-27,2024-12-05,2024-12-04,Completed
WO-100156,AST-0133,Emergency,P1,28/11/2024,29/11/2024,28/11/2024,Completed
WO-100157,AST-0186,Corrective,P3,2024-11-28,2024-12-23,2024-12-24,Closed
WO-100158,AST-0075,Preventive,P4,2024-11-28,2025-01-20,,Completed
WO-100159,AST-0185,Corrective,3,2024-11-28,2024-12-23,2024-11-30,completed 
WO-100160,AST-0095,CM,P4,2024-11-28,2025-01-10,2024-12-24,Completed
WO-100161,AST-0191,Corrective,P3,2024-11-29,2024-12-27,2024-11-29,Closed
WO-100162,AST-0009,Corrective,P3,2024-11-29,2024-12-25,,Open
WO-100163,AST-0103,Preventive,P2,2024-12-01,2024-12-09,2024-12-09,Closed
WO-100164,AST-0032,Preventive,P3,2024-12-01,2024-12-26,2024-12-04,Completed
WO-100165,AST-0199,Preventive,P4,2024-12-01,2025-01-04,2024-12-23,completed 
WO-100166,AST-0073,PM,P4,2024-12-01,,2024-12-27,Completed
WO-100167,AST-0114,Preventive,P3,2024-12-02,2024-12-18,2024-12-06,COMPLETE
WO-100168,AST-0139,CM,P4,2024-12-02,2025-01-15,2024-12-13,Completed
WO-100169,AST-0081,Preventive,,2024-12-03,2024-12-24,2024-12-20,Completed
WO-100170,AST-0176,Corrective,P3,2024-12-04,2024-12-24,2025-01-17,Completed
WO-100171,AST-0160,Corrective,P2,2024-12-04,2024-12-10,2024-12-10,COMPLETE
WO-100172,AST-0186,preventive,P3,2024-12-04,2024-12-20,2024-12-07,COMPLETE
WO-100173,AST-0166,PREVENTIVE,P3,2024-12-05,2024-12-27,2024-12-20,Completed
WO-100174,AST-0059,Inspection,P3,2024-12-05,,2024-12-13,Completed
WO-100175,AST-0195,Corrective,P2,2024-12-05,2024-12-14,2024-12-08,Completed
WO-100176,AST-0189,Preventive,P3,2024-12-05,2024-12-23,2024-12-06,completed 
WO-100177,AST-0073,Preventive,P4,2024-12-05,2025-01-09,2024-12-26,Completed
WO-100178,AST-0071,Preventive,,2024-12-06,2024-12-24,2024-12-13,Completed
WO-100179,AST-0020,corrective,P4,2024-12-07,2025-01-12,2024-12-12,Completed
WO-100180,AST-0005,PM,3,2024-12-07,2025-01-05,,Cancelled
WO-100181,AST-0047,PM,P2,2024-12-07,2024-12-15,2024-12-14,Completed
WO-100182,AST-0146,Corrective,P4,2024-12-07,2025-01-31,2025-01-27,Completed
WO-100183,AST-0151,Emergency,P1,2024-12-07,2024-12-09,2024-12-09,Completed
WO-100184,AST-0056,Emergency,P1,2024-12-08,2024-12-10,2024-12-08,Completed
WO-100185,AST-0163,Corrective,,2024-12-08,2024-12-17,2025-01-13,Completed
WO-100186,AST-0071,Preventive,P4,2024-12-08,2025-02-03,2024-12-25,completed 
WO-100187,AST-0102,Preventive,P3,2024-12-09,2025-01-01,2024-12-09,Completed
WO-100188,AST-0119,Corrective,P4,2024-12-09,2025-02-06,2025-02-06,Completed
WO-100189,AST-0003,Emergency,P1,2024-12-10,2024-12-12,2024-12-11,COMPLETE
WO-100190,AST-0199,Inspection,P3,2024-12-10,2025-01-09,2024-12-18,Completed
WO-100191,AST-0100,Inspection,P3,2024-12-10,2025-01-01,2024-12-16,Completed
WO-100192,AST-0200,Preventive,P3,2024-12-11,2025-01-01,,Cancelled
WO-100193,AST-0132,CM,P3,2024-12-12,2024-12-30,2025-01-04,Completed
WO-100194,AST-0104,preventive,4,2024-12-12,2025-01-12,2025-01-03,Completed
WO-100195,AST-0154,CM,P2,2024-12-12,0000-00-00,,Cancelled
WO-100196,AST-0049,Corrective,P3,2024-12-13,2025-01-05,2024-12-19,Completed
WO-100197,AST-0103,Preventive,P4,0000-00-00,2025-01-19,2024-12-16,Completed
WO-100198,AST-0168,Corrective,2,2024-12-14,2024-12-19,,COMPLETE
WO-100199,AST-0137,preventive,P3,14/12/2024,04/01/2025,16/12/2024,Completed
WO-100200,AST-0053,Inspection,P3,2024-12-14,2025-01-03,,Completed
WO-100201,AST-0058,Emergency,P1,2024-12-14,2024-12-17,2024-12-17,COMPLETE
WO-100202,AST-0086,corrective,P3,2024-12-15,2025-01-05,2024-12-31,Completed
WO-100203,AST-0018,CM,P3,2024-12-16,2025-01-07,2024-12-22,Completed
WO-100204,AST-0156,Preventive,P2,2024-12-16,2024-12-21,2024-12-21,Closed
WO-100205,AST-0191,Preventive,P3,2024-12-17,2025-01-06,2025-01-04,completed 
WO-100206,AST-9004,preventive,P2,2024-12-18,2024-12-25,2024-12-22,Completed
WO-100207,AST-0152,corrective,P2,2024-12-18,2024-12-24,2024-12-16,Completed
WO-100208,AST-0001,Preventive,3,2024-12-18,2025-01-06,2025-01-26,Completed
WO-100209,AST-0023,Preventive,3,2024-12-19,2025-01-10,2025-01-05,Completed
WO-100210,AST-0113,Inspection,P3,2024-12-19,2025-01-14,2025-01-04,Completed
WO-100211,AST-0114,Preventive,P3,19/12/2024,10/01/2025,19/12/2024,COMPLETE
WO-100212,AST-0142,Corrective,P4,2024-12-21,2025-02-14,2025-03-14,Completed
WO-100213,AST-9006,Preventive,3,2024-12-22,2025-01-06,2025-01-06,Completed
WO-100214,AST-0099,Corrective,P4,2024-12-22,2025-02-16,2025-02-01,Completed
WO-100215,AST-0027,Corrective,3,2024-12-22,2025-01-20,,In Progress
WO-100216,AST-0067,PM,P3,2024-12-23,2025-01-15,2025-01-05,Completed
WO-100217,AST-0039,Corrective,P4,2024-12-24,2025-01-29,2024-12-31,Completed
WO-100218,AST-9004,INSP,P2,2024-12-25,2025-01-01,2024-12-25,Completed
WO-100219,AST-0112,Emergency,P1,2024-12-25,2024-12-26,2025-01-03,completed 
WO-100220,AST-0039,Preventive,P3,2024-12-26,2025-01-10,2025-01-05,Completed
WO-100221,AST-0114,Corrective,P3,2024-12-26,2025-01-10,,Completed
WO-100222,AST-0132,Corrective,P2,2024-12-26,2024-12-31,,Open
WO-100223,AST-0100,corrective,P3,27/12/2024,21/01/2025,20/01/2025,Closed
WO-100224,AST-0004,PM,P3,2024-12-27,2025-01-13,2024-12-31,Completed
WO-100225,AST-0141,corrective,P3,2024-12-27,2025-01-26,2025-01-12,Completed
WO-100226,AST-0103,Inspection,3,2024-12-27,,2025-02-14,completed 
WO-100227,AST-0131,Corrective,P3,2024-12-27,2025-01-19,2025-01-16,COMPLETE
WO-100228,AST-0141,Corrective,P3,2024-12-27,2025-01-26,2025-01-04,Completed
WO-100229,AST-0056,inspection,P2,2024-12-28,2025-01-03,2024-12-28,Completed
WO-100230,AST-0177,preventive,P4,2024-12-29,2025-02-11,2025-01-13,Completed
WO-100231,AST-0007,Corrective,P4,2024-12-29,,2024-12-30,Completed
WO-100232,AST-0148,Corrective,P3,2024-12-29,2025-01-27,2025-01-27,completed 
WO-100233,AST-0060,Inspection,P4,2024-12-29,2025-02-02,2025-01-25,Completed
WO-100234,AST-9008,PREVENTIVE,P3,2024-12-30,2025-01-18,2025-02-05,Completed
WO-100235,AST-0177,CM,P2,2024-12-30,2025-01-05,2025-02-01,Completed
WO-100236,AST-9014,Corrective,P2,2024-12-31,2025-01-07,2025-01-05,completed 
WO-100237,AST-0195,Corrective,P3,2024-12-31,2025-01-21,2025-01-19,Completed
WO-100238,AST-0047,Preventive,P3,2024-12-31,2025-01-18,2025-01-05,Completed
WO-100239,AST-0054,Preventive,P4,2024-12-31,2025-02-02,2025-01-22,Closed
WO-100240,AST-0066,Corrective,P4,2024-12-31,2025-02-12,2025-01-22,Completed
WO-100241,AST-0030,INSP,P4,2025-01-01,2025-02-08,2025-01-11,Completed
WO-100242,AST-0100,INSP,P3,2025-01-01,2025-01-22,2025-01-11,Completed
WO-100243,AST-9013,Preventive,P2,2025-01-01,2025-01-10,2025-01-02,Completed
WO-100244,AST-0182,Preventive,P3,01/01/2025,27/01/2025,06/01/2025,Completed
WO-100245,AST-0083,PM,P3,2025-01-02,2025-01-16,2025-01-05,Completed
WO-100246,AST-0193,preventive,3,2025-01-03,2025-01-28,2025-01-13,Completed
WO-100247,AST-0054,CM,P3,2025-01-03,2025-01-29,2025-01-27,Completed
WO-100248,AST-0132,preventive,P3,2025-01-03,2025-01-28,2025-01-17,Completed
WO-100249,AST-0119,Preventive,P4,2025-01-03,2025-02-15,,Open
WO-100250,AST-0039,Preventive,P4,2025-01-03,2025-02-21,2025-01-08,Completed
WO-100251,AST-0060,Corrective,3,2025-01-04,,2025-01-24,Completed
WO-100252,AST-0003,PM,P3,2025-01-04,2025-01-23,2025-01-13,Completed
WO-100253,AST-0057,Corrective,3,2025-01-05,2025-02-02,,Completed
WO-100254,AST-0026,Preventive,P3,31/02/2025,2025-01-24,2025-02-16,Completed
WO-100255,AST-0096,preventive,3,2025-01-05,2025-02-04,2025-02-06,completed 
WO-100256,AST-0080,CM,P3,2025-01-05,2025-02-02,2025-01-24,Completed
WO-100257,AST-0029,Preventive,P4,2025-01-05,2025-03-06,2025-01-28,Completed
WO-100258,AST-0042,inspection,3,2025-01-05,2025-01-23,2025-01-21,Completed
WO-100259,AST-0187,Preventive,P2,2025-01-06,2025-01-16,0000-00-00,Completed
WO-100260,AST-0031,corrective,P4,2025-01-07,2025-02-17,,OPEN
WO-100261,AST-0073,Corrective,P4,2025-01-07,2025-02-18,2025-01-15,Completed
WO-100262,AST-9011,corrective,P2,07/01/2025,17/01/2025,17/01/2025,COMPLETE
WO-100263,AST-0128,CM,P4,2025-01-08,2025-02-21,2025-02-24,Completed
WO-100264,AST-0154,Emergency,P1,2025-01-08,2025-01-09,2025-01-23,Completed
WO-100265,AST-9011,Corrective,P2,2025-01-08,2025-01-17,2025-02-07,Completed
WO-100266,AST-0010,preventive,P4,2025-01-09,2025-03-06,,open
WO-100267,AST-0036,INSP,P2,2025-01-11,2025-01-17,2025-01-14,Completed
WO-100268,AST-0148,Emergency,P1,2025-01-11,2025-01-12,2025-01-11,Completed
WO-100269,AST-0066,Corrective,P4,2025-01-11,2025-02-19,2025-02-11,Completed
WO-100270,AST-0119,Preventive,P2,2025-01-11,2025-01-19,2025-01-14,Completed
WO-100271,AST-0077,Corrective,P3,2025-01-11,2025-02-05,2025-01-13,Completed
WO-100272,AST-0037,preventive,P2,2025-01-11,2025-01-19,2025-01-23,Completed
WO-100273,AST-0125,inspection,P3,2025-01-12,2025-02-04,2025-03-05,Completed
WO-100274,AST-0095,CM,P2,2025-01-12,2025-01-19,2025-01-13,Completed
WO-100275,AST-0104,PM,P3,2025-01-13,,2025-02-12,Completed
WO-100276,AST-0093,Corrective,4,2025-01-13,2025-03-10,2025-01-23,Completed
WO-100277,AST-0047,Emergency,P1,2025-01-14,2025-01-15,2025-01-14,Closed
WO-100278,AST-0177,corrective,P4,2025-01-14,,2025-02-18,COMPLETE
WO-100279,AST-0037,Corrective,P3,2025-01-15,2025-02-04,2025-01-30,Completed
WO-100280,AST-0192,Preventive,P3,2025-01-15,2025-02-04,2025-01-28,Completed
WO-100281,AST-0159,PM,P2,2025-01-15,2025-01-25,2025-01-19,Completed
WO-100282,AST-0024,Preventive,P3,2025-01-16,2025-02-01,2025-02-07,Completed
WO-100283,AST-0026,Inspection,P3,2025-01-16,2025-02-10,2025-01-29,Completed
WO-100284,AST-0058,Corrective,P3,2025-01-16,2025-02-06,2025-02-05,Completed
WO-100285,AST-0153,Preventive,P4,2025-01-18,2025-02-21,2025-02-04,completed 
WO-100286,AST-0106,CM,,2025-01-18,2025-02-11,2025-01-27,Completed
WO-100287,AST-0100,Preventive,P3,2025-01-18,2025-02-15,2025-01-18,COMPLETE
WO-100288,AST-0023,CM,P4,2025-01-18,2025-02-24,2025-01-27,COMPLETE
WO-100289,AST-0146,Preventive,,2025-01-18,2025-01-21,,Open
WO-100290,AST-0143,EMERGENCY,P1,2025-01-18,2025-01-19,2025-01-18,completed 
WO-100291,AST-0127,corrective,P3,2025-01-19,,2025-01-25,Completed
WO-100292,AST-0151,Corrective,P4,2025-01-19,2025-03-19,2025-03-05,Completed
WO-100293,AST-0028,Corrective,P2,2025-01-20,2025-01-25,2025-01-15,Completed
WO-100294,AST-0191,corrective,P4,2025-01-20,2025-03-17,2025-02-16,completed 
WO-100295,AST-0041,Preventive,P3,2025-01-21,2025-02-19,2025-02-08,Completed
WO-100296,AST-0043,Preventive,2,2025-01-21,2025-01-26,2025-01-23,Completed
WO-100297,AST-0125,Preventive,P3,2025-01-21,2025-02-08,,Open
WO-100298,AST-0009,Corrective,P3,2025-01-22,2025-02-20,,In Progress
WO-100299,AST-0168,Inspection,P2,2025-01-22,2025-01-29,2025-01-24,Completed
WO-100300,AST-0111,PREVENTIVE,P4,2025-01-23,2025-02-24,,Cancelled
WO-100301,AST-0138,Corrective,P4,2025-01-23,2025-02-24,,Open
WO-100302,AST-0033,Preventive,P2,2025-01-24,2025-01-31,2025-02-10,Completed
WO-100303,AST-0092,Corrective,2,2025-01-25,2025-01-30,2025-01-27,Completed
WO-100304,AST-0006,Preventive,P3,2025-01-25,2025-02-23,2025-02-12,Completed
WO-100305,AST-0131,inspection,P4,2025-01-25,2025-03-20,2025-03-15,Completed
WO-100306,AST-0033,PREVENTIVE,P4,2025-01-26,2025-03-25,2025-02-09,Completed
WO-100307,AST-0181,Inspection,P2,2025-01-26,2025-02-01,2025-02-01,COMPLETE
WO-100308,AST-0099,Inspection,,2025-01-27,2025-02-17,2025-01-27,Completed
WO-100309,AST-0044,Corrective,P3,2025-01-27,2025-02-13,2025-02-14,Completed
WO-100310,AST-0137,Corrective,P3,2025-01-27,,2025-02-17,Completed
WO-100311,AST-0137,Preventive,P3,2025-01-27,2025-02-11,2025-02-05,Completed
WO-100312,AST-9002,Corrective,P4,2025-01-27,2025-03-16,2025-03-29,Completed
WO-100313,AST-0088,Preventive,P4,2025-01-27,2025-03-05,2025-03-01,Completed
WO-100314,AST-0009,Inspection,P4,2025-01-27,2025-03-23,,Completed
WO-100315,AST-0034,Preventive,P3,2025-01-28,2025-02-17,2025-02-13,Completed
WO-100316,AST-0095,CM,P2,2025-01-28,2025-02-02,,Open
WO-100317,AST-0116,Preventive,P3,2025-01-28,2025-02-16,2025-02-11,Completed
WO-100318,AST-0063,Corrective,3,2025-01-28,2025-02-17,2025-03-09,Completed
WO-100319,AST-9011,Preventive,P4,2025-01-28,2025-03-01,2025-02-05,Completed
WO-100320,AST-0153,PM,P2,2025-01-29,2025-02-04,2025-02-03,Completed
WO-100321,AST-0148,INSP,P3,2025-01-29,2025-02-12,2025-02-06,Completed
WO-100322,AST-0050,preventive,P3,2025-01-29,2025-02-27,2025-02-16,Completed
WO-100323,AST-0139,Preventive,P2,29/01/2025,07/02/2025,,IN_PROGRESS
WO-100324,AST-0065,Corrective,P3,2025-01-29,2025-02-27,2025-01-24,Completed
WO-100325,AST-0134,Preventive,P3,2025-01-29,2025-02-19,2025-02-10,Completed
WO-100326,AST-0030,preventive,P3,2025-01-29,2025-02-22,2025-02-25,Completed
WO-100327,AST-0056,preventive,P3,29/01/2025,26/02/2025,27/02/2025,Completed
WO-100328,AST-0076,Preventive,P3,2025-01-29,2025-02-26,2025-01-31,Completed
WO-100329,AST-0001,Inspection,,2025-01-30,2025-02-28,2025-02-11,Completed
WO-100330,AST-0021,Corrective,P1,2025-01-30,2025-01-31,2025-01-30,COMPLETE
WO-100331,AST-0053,Preventive,3,2025-01-31,2025-02-23,2025-02-20,Completed
WO-100332,AST-0158,Corrective,P2,2025-02-01,2025-02-07,2025-02-02,completed 
WO-100333,AST-0115,Preventive,P3,2025-02-01,2025-02-16,2025-03-09,Closed
WO-100334,AST-0031,PREVENTIVE,,2025-02-01,2025-02-02,2025-02-01,Completed
WO-100335,AST-0126,Preventive,P3,2025-02-01,2025-03-03,2025-03-10,Completed
WO-100336,AST-0051,corrective,4,2025-02-02,2025-03-28,2025-03-02,Completed
WO-100337,AST-0028,PREVENTIVE,P3,2025-02-02,2025-02-24,2025-02-08,completed 
WO-100338,AST-0141,Preventive,P2,2025-02-03,2025-02-10,2025-02-12,Completed
WO-100339,AST-0037,Preventive,P3,03/02/2025,02/03/2025,,Completed
WO-100340,AST-0154,Preventive,4,2025-02-03,2025-03-06,2025-03-16,Completed
WO-100341,AST-0056,EMERGENCY,P1,2025-02-04,2025-02-06,,In Progress
WO-100342,AST-0136,Preventive,P2,2025-02-04,2025-02-10,2025-03-01,completed 
WO-100343,AST-0175,corrective,P2,2025-02-04,2025-02-13,2025-02-08,Completed
WO-100344,AST-0102,Corrective,P2,2025-02-04,2025-02-14,2025-02-09,Completed
WO-100345,AST-0097,PM,P4,2025-02-04,2025-03-07,2025-02-27,Completed
WO-100346,AST-0051,Preventive,4,2025-02-04,2025-03-23,2025-03-31,Completed
WO-100347,AST-0043,Preventive,,2025-02-04,2025-02-24,2025-02-24,Completed
WO-100348,AST-0005,Corrective,3,2025-02-05,2025-02-28,2025-02-13,Completed
WO-100349,AST-0165,corrective,P2,2025-02-05,2025-02-14,2025-02-06,Completed
WO-100350,AST-0144,Corrective,4,2025-02-06,2025-03-31,2025-02-20,Completed
WO-100351,AST-0075,corrective,P2,2025-02-07,2025-02-15,2025-02-12,Completed
WO-100352,AST-0136,INSP,P3,2025-02-07,2025-02-22,2025-02-12,Completed
WO-100353,AST-0017,Preventive,P3,2025-02-07,2025-03-04,,COMPLETE
WO-100354,AST-0147,Preventive,P4,2025-02-07,2025-03-11,2025-02-08,completed 
WO-100355,AST-0055,Corrective,P2,2025-02-08,2025-02-16,2025-02-16,Completed
WO-100356,AST-0100,Preventive,3,08/02/2025,04/03/2025,20/02/2025,Completed
WO-100357,AST-0052,Inspection,P1,2025-02-08,2025-02-11,2025-02-10,Closed
WO-100358,AST-0064,Corrective,P3,08/02/2025,04/03/2025,15/02/2025,Completed
WO-100359,AST-0075,Preventive,3,2025-02-09,2025-03-10,2025-03-30,Closed
WO-100360,AST-0090,PREVENTIVE,3,09/02/2025,23/02/2025,20/02/2025,COMPLETE
WO-100361,AST-0034,Preventive,P4,2025-02-10,2025-03-29,2025-03-06,Completed
WO-100362,AST-0066,Preventive,P3,2025-02-10,2025-03-01,2025-02-13,Completed
WO-100363,AST-0113,Inspection,P4,2025-02-11,2025-03-28,,OPEN
WO-100364,AST-0108,Preventive,P3,11/02/2025,10/03/2025,09/03/2025,COMPLETE
WO-100365,AST-0200,Preventive,P2,2025-02-11,,2025-02-19,COMPLETE
WO-100366,AST-0163,PM,P4,2025-02-11,2025-04-07,2025-03-27,Completed
WO-100367,AST-0118,Inspection,P3,2025-02-12,2025-03-08,2025-02-13,Completed
WO-100368,AST-0061,preventive,P3,2025-02-12,2025-03-13,,Cancelled
WO-100369,AST-0190,Preventive,P4,2025-02-12,2025-03-15,2025-02-16,Completed
WO-100370,AST-0042,Corrective,P4,2025-02-13,2025-03-26,,Completed
WO-100371,AST-0145,Preventive,P4,2025-02-14,,,Open
WO-100372,AST-9012,Inspection,P3,2025-02-14,2025-03-13,2025-02-15,Completed
WO-100373,AST-0187,Preventive,P3,2025-02-14,2025-03-16,2025-02-20,Completed
WO-100374,AST-0048,Corrective,P4,2025-02-15,2025-04-09,,IN_PROGRESS
WO-100375,AST-0097,Preventive,,2025-02-16,2025-03-15,2025-03-30,Completed
WO-100376,AST-0015,Preventive,P3,2025-02-16,2025-03-18,2025-02-22,Completed
WO-100377,AST-0121,Preventive,P4,2025-02-16,2025-03-23,2025-03-24,Completed
WO-100378,AST-0172,Inspection,2,2025-02-16,2025-02-25,2025-02-18,Completed
WO-100379,AST-0013,Corrective,P3,2025-02-16,,2025-02-23,Completed
WO-100380,AST-0054,Preventive,P3,16/02/2025,03/03/2025,02/03/2025,completed 
WO-100381,AST-0160,Corrective,P1,2025-02-17,2025-02-20,2025-02-20,Completed
WO-100382,AST-0096,Corrective,P2,2025-02-17,2025-02-25,2025-03-15,Completed
WO-100383,AST-0037,Preventive,P2,2025-02-18,2025-02-27,2025-02-21,Completed
WO-100384,AST-0020,Inspection,P3,2025-02-18,2025-03-12,2025-03-21,Completed
WO-100385,AST-0039,PREVENTIVE,P3,2025-02-18,2025-03-14,,In Progress
WO-100386,AST-0180,Corrective,P4,2025-02-19,2025-03-31,2025-03-21,Completed
WO-100387,AST-0023,Corrective,P2,2025-02-19,2025-02-28,2025-02-26,COMPLETE
WO-100388,AST-0007,Preventive,,2025-02-19,2025-02-24,,open
WO-100389,AST-0106,Preventive,2,2025-02-19,2025-02-28,2025-02-21,completed 
WO-100390,AST-0069,Corrective,P3,2025-02-19,2025-03-20,,Cancelled
WO-100391,AST-0151,CM,P3,2025-02-19,2025-03-18,2025-03-10,Completed
WO-100392,AST-0063,Preventive,P3,2025-02-20,2025-03-15,2025-04-02,Closed
WO-100393,AST-0142,Corrective,P4,2025-02-20,2025-04-16,2025-04-04,Closed
WO-100394,AST-0199,Preventive,4,2025-02-21,2025-03-30,2025-02-28,Completed
WO-100395,AST-0073,preventive,3,2025-02-22,2025-03-08,2025-03-25,completed 
WO-100396,AST-0171,Preventive,P3,2025-02-22,2025-03-20,2025-02-27,Completed
WO-100397,AST-0143,CM,P2,2025-02-22,2025-03-02,2025-02-22,Completed
WO-100398,AST-0025,preventive,4,2025-02-23,2025-04-05,2025-03-08,Completed
WO-100399,AST-0143,Corrective,P3,2025-02-23,2025-03-20,2025-03-02,Completed
WO-100400,AST-0143,PREVENTIVE,P2,2025-02-23,2025-03-03,,In Progress
WO-100401,AST-0026,INSP,P1,2025-02-25,2025-02-27,2025-02-27,Completed
WO-100402,AST-0101,Preventive,P3,2025-02-25,2025-03-26,2025-03-22,Completed
WO-100403,AST-0190,Emergency,P1,2025-02-26,2025-02-28,2025-02-16,completed 
WO-100404,AST-0162,preventive,P3,2025-02-27,2025-03-17,2025-03-12,Completed
WO-100405,AST-0065,PM,P4,2025-02-27,2025-03-30,2025-03-29,Completed
WO-100406,AST-0090,Preventive,P2,2025-02-27,2025-03-09,,in progress
WO-100407,AST-0020,CM,P4,2025-02-28,2025-04-29,2025-03-12,Completed
WO-100408,AST-0019,Preventive,P4,2025-03-01,2025-04-03,,Open
WO-100409,AST-0083,Corrective,,2025-03-01,2025-04-07,2025-03-09,Completed
WO-100410,AST-0134,CM,P4,2025-03-01,2025-04-05,2025-03-29,Completed
WO-100411,AST-0109,Inspection,P3,2025-03-02,2025-03-16,2025-03-09,Completed
WO-100412,AST-0123,Corrective,P4,2025-03-02,2025-04-25,2025-03-26,Closed
WO-100413,AST-0044,Corrective,P2,2025-03-02,2025-03-09,2025-03-21,completed 
WO-100414,AST-0060,EM,P1,2025-03-02,2025-03-03,2025-03-19,Completed
WO-100415,AST-0141,Preventive,P3,03/03/2025,25/03/2025,15/03/2025,Completed
WO-100416,AST-0047,Corrective,P4,2025-03-04,2025-04-24,2025-05-03,Completed
WO-100417,AST-0013,Preventive,P3,2025-03-04,2025-03-30,2025-03-05,completed 
WO-100418,AST-0023,Corrective,,2025-03-05,2025-04-03,2025-03-14,Completed
WO-100419,AST-0083,Corrective,P3,2025-03-05,2025-03-22,2025-03-11,Completed
WO-100420,AST-0190,CM,P3,2025-03-05,2025-03-29,2025-03-15,Completed
WO-100421,AST-0072,Corrective,P4,05/03/2025,21/04/2025,,In Progress
WO-100422,AST-0161,Preventive,,2025-03-05,2025-03-24,2025-03-24,Completed
WO-100423,AST-9005,Corrective,P1,2025-03-06,2025-03-07,2025-03-17,completed 
WO-100424,AST-9005,Preventive,,2025-03-06,2025-04-05,2025-03-08,Completed
WO-100425,AST-0134,Corrective,P2,2025-03-06,2025-03-11,2025-03-08,Completed
WO-100426,AST-0114,Preventive,P3,2025-03-06,2025-03-25,2025-03-19,Completed
WO-100427,AST-0131,Preventive,P2,2025-03-06,2025-03-12,2025-03-12,Closed
WO-100428,AST-0120,Preventive,P3,2025-03-06,2025-03-26,2025-03-06,Completed
WO-100429,AST-0120,Emergency,P1,2025-03-06,2025-03-09,2025-03-09,Closed
WO-100430,AST-0114,Corrective,P3,2025-03-07,2025-04-04,2025-03-08,Completed
WO-100431,AST-0165,Corrective,P3,2025-03-07,2025-03-25,2025-03-22,Closed
WO-100432,AST-0173,Preventive,2,2025-03-08,2025-03-18,2025-03-11,Completed
WO-100433,AST-0195,CM,P2,2025-03-09,2025-03-14,2025-03-10,Completed
WO-100434,AST-0042,Preventive,2,2025-03-09,2025-03-14,2025-03-09,Completed
WO-100435,AST-0126,PM,P3,2025-03-10,2025-03-29,2025-03-17,Completed
WO-100436,AST-0095,Preventive,,2025-03-10,2025-03-13,2025-04-02,Completed
WO-100437,AST-0106,Preventive,P3,2025-03-10,2025-04-05,2025-04-04,Completed
WO-100438,AST-0076,Corrective,P2,2025-03-10,2025-03-16,2025-03-11,COMPLETE
WO-100439,AST-0045,Preventive,P2,2025-03-11,2025-03-21,,In Progress
WO-100440,AST-0038,Preventive,P4,2025-03-11,2025-04-20,2025-03-18,Completed
WO-100441,AST-0103,PREVENTIVE,P3,2025-03-11,2025-04-03,2025-03-27,Completed
WO-100442,AST-0036,corrective,P2,11/03/2025,16/03/2025,31/03/2025,Completed
WO-100443,AST-0088,Preventive,P2,12/03/2025,20/03/2025,18/03/2025,completed 
WO-100444,AST-0198,Preventive,,2025-03-12,2025-03-13,2025-03-13,Completed
WO-100445,AST-0178,Preventive,P4,2025-03-12,2025-04-29,2025-04-09,Closed
WO-100446,AST-0136,Corrective,3,2025-03-12,2025-03-26,2025-03-23,Closed
WO-100447,AST-0074,PM,,2025-03-12,2025-05-07,2025-03-12,Completed
WO-100448,AST-0035,Preventive,P3,13/03/2025,02/04/2025,17/03/2025,Closed
WO-100449,AST-0171,preventive,P2,2025-03-14,2025-03-24,2025-03-16,Completed
WO-100450,AST-0149,Inspection,P3,2025-03-14,2025-04-13,2025-03-30,Completed
WO-100451,AST-0115,Corrective,,2025-03-14,2025-04-13,2025-04-03,completed 
WO-100452,AST-0064,Corrective,P1,2025-03-14,2025-03-15,2025-03-15,Completed
WO-100453,AST-0176,Preventive,P4,2025-03-15,2025-04-17,2025-04-05,Completed
WO-100454,AST-0056,Inspection,P1,2025-03-15,2025-03-16,2025-03-15,Completed
WO-100455,AST-0044,PREVENTIVE,4,2025-03-15,2025-04-21,2025-03-26,Completed
WO-100456,AST-0070,Corrective,P4,2025-03-16,2025-05-03,2025-04-29,Completed
WO-100457,AST-0148,Preventive,P3,2025-03-16,2025-04-13,2025-03-30,Closed
WO-100458,AST-0101,Inspection,4,2025-03-18,2025-05-02,2025-04-29,Completed
WO-100459,AST-0185,Inspection,P3,2025-03-18,2025-04-09,2025-03-28,Completed
WO-100460,AST-0165,CM,P3,2025-03-19,2025-04-02,2025-03-30,Completed
WO-100461,AST-0115,Corrective,P3,2025-03-19,,,IN_PROGRESS
WO-100462,AST-0045,CM,P3,2025-03-19,2025-04-16,,CANCELLED
WO-100463,AST-0019,preventive,P1,2025-03-20,2025-03-21,2025-03-21,Completed
WO-100464,AST-0064,Emergency,P1,21/03/2025,24/03/2025,23/03/2025,completed 
WO-100465,AST-0199,Corrective,P4,21/03/2025,20/05/2025,30/04/2025,Completed
WO-100466,AST-0099,Corrective,P3,2025-03-21,2025-04-14,,open
WO-100467,AST-0179,Corrective,P3,2025-03-21,2025-04-14,2025-05-06,Completed
WO-100468,AST-0037,corrective,P3,2025-03-22,2025-04-05,2025-04-08,Completed
WO-100469,AST-0060,Corrective,P4,2025-03-23,2025-05-03,2025-05-18,Completed
WO-100470,AST-0136,Preventive,P2,2025-03-23,2025-04-01,2025-03-30,Completed
WO-100471,AST-0025,Corrective,P2,2025-03-23,2025-03-30,2025-03-26,Completed
WO-100472,AST-0047,Preventive,P3,2025-03-24,2025-04-12,2025-04-01,Completed
WO-100473,AST-0121,corrective,P3,2025-03-25,2025-04-10,2025-04-28,Closed
WO-100474,AST-0148,preventive,P2,2025-03-25,2025-04-03,2025-03-24,Completed
WO-100475,AST-9003,Preventive,P3,2025-03-26,2025-04-24,,Open
WO-100476,AST-0085,Corrective,3,2025-03-26,2025-04-17,2025-04-16,Completed
WO-100477,AST-0059,Preventive,P3,26/03/2025,24/04/2025,14/04/2025,Completed
WO-100478,AST-0065,Inspection,P3,2025-03-27,2025-04-23,2025-04-14,Completed
WO-100479,AST-0070,preventive,P4,2025-03-27,2025-05-14,2025-05-29,Completed
WO-100480,AST-0173,Preventive,P3,2025-03-28,2025-04-13,2025-04-05,COMPLETE
WO-100481,AST-0172,Preventive,P4,2025-03-29,2025-05-18,2025-04-01,Completed
WO-100482,AST-0019,CM,P3,29/03/2025,20/04/2025,07/04/2025,Completed
WO-100483,AST-0047,Inspection,P2,2025-03-29,2025-04-04,2025-03-29,Completed
WO-100484,AST-0177,Preventive,,2025-03-30,2025-05-07,,Open
WO-100485,AST-9007,Corrective,P3,2025-03-30,2025-04-22,2025-05-21,Completed
WO-100486,AST-0094,Preventive,P2,2025-03-31,2025-04-07,2025-04-02,Completed
WO-100487,AST-0006,CM,P3,2025-03-31,2025-04-14,2025-04-03,Completed
WO-100488,AST-0031,Corrective,P4,2025-03-31,2025-05-16,2025-05-17,Completed
WO-100489,AST-0036,PM,P3,2025-03-31,2025-04-24,2025-04-20,Completed
WO-100490,AST-0099,Inspection,P4,2025-03-31,2025-05-27,2025-06-25,Completed
WO-100491,AST-0117,Preventive,P3,01/04/2025,20/04/2025,20/04/2025,completed 
WO-100492,AST-0052,preventive,P3,01/04/2025,27/04/2025,07/04/2025,Completed
WO-100493,AST-0133,Preventive,P3,2025-04-01,2025-04-19,2025-05-18,Completed
WO-100494,AST-0052,Preventive,,2025-04-01,2025-04-23,2025-04-08,Completed
WO-100495,AST-0171,PREVENTIVE,P3,2025-04-02,2025-04-29,2025-04-20,Completed
WO-100496,AST-0114,Preventive,P2,2025-04-02,2025-04-12,2025-04-09,Completed
WO-100497,AST-0029,Corrective,P3,2025-04-02,2025-04-25,2025-04-12,Completed
WO-100498,AST-0091,Preventive,P2,2025-04-03,2025-04-12,2025-04-05,Completed
WO-100499,AST-0183,Preventive,P3,2025-04-03,2025-04-21,2025-04-03,Completed
WO-100500,AST-0108,Corrective,1,2025-04-03,2025-04-06,2025-04-27,Completed
WO-100501,AST-0046,Preventive,P3,2025-04-03,2025-04-26,,Cancelled
WO-100502,AST-0104,Emergency,P1,2025-04-04,2025-04-05,2025-04-04,Completed
WO-100503,AST-0084,PREVENTIVE,P2,2025-04-04,2025-04-09,2025-04-06,Completed
WO-100504,AST-0131,Preventive,P4,05/04/2025,20/05/2025,,Canceled
WO-100505,AST-0022,inspection,P3,2025-04-05,2025-05-03,2025-05-25,Completed
WO-100506,AST-0194,corrective,3,2025-04-05,2025-04-19,2025-04-09,COMPLETE
WO-100507,AST-0189,Inspection,P3,2025-04-05,2025-04-22,2025-04-18,Completed
WO-100508,AST-0118,PREVENTIVE,P3,05/04/2025,03/05/2025,,In Progress
WO-100509,AST-0045,Corrective,,2025-04-05,2025-05-02,,In Progress
WO-100510,AST-0158,Preventive,P3,2025-04-07,2025-04-28,2025-04-26,Closed
WO-100511,AST-0007,Preventive,P2,2025-04-07,2025-04-17,2025-04-11,Closed
WO-100512,AST-0064,Preventive,P2,2025-04-07,2025-04-17,2025-04-25,Completed
WO-100513,AST-0155,Corrective,P4,2025-04-07,2025-05-31,2025-04-10,completed 
WO-100514,AST-0169,Corrective,P3,2025-04-08,2025-04-22,2025-04-17,Completed
WO-100515,AST-0044,Preventive,1,2025-04-08,2025-04-11,2025-04-10,Closed
WO-100516,AST-0043,Preventive,P3,2025-04-09,2025-05-08,2025-04-29,Completed
WO-100517,AST-0040,Preventive,P1,2025-04-09,2025-04-11,2025-04-10,Completed
WO-100518,AST-0032,Corrective,P3,09/04/2025,04/05/2025,20/04/2025,Completed
WO-100519,AST-0006,PREVENTIVE,P2,2025-04-10,2025-04-17,2025-04-10,Completed
WO-100520,AST-0018,Preventive,P2,2025-04-10,2025-04-20,2025-04-18,Completed
WO-100521,AST-0006,Corrective,P2,10/04/2025,16/04/2025,11/04/2025,completed 
WO-100522,AST-0079,Preventive,3,2025-04-10,2025-05-03,2025-04-08,Completed
WO-100523,AST-0142,Corrective,P3,2025-04-10,2025-05-06,,Cancelled
WO-100524,AST-0086,Corrective,P4,2025-04-11,2025-06-05,2025-05-16,Completed
WO-100525,AST-0026,Corrective,P3,2025-04-11,2025-04-27,2025-04-25,COMPLETE
WO-100526,AST-0039,Corrective,P2,2025-04-11,2025-04-16,2025-04-13,Completed
WO-100527,AST-0130,CM,P4,2025-04-11,2025-06-02,,Cancelled
WO-100528,AST-0136,Inspection,P3,2025-04-11,2025-05-10,2025-04-17,Completed
WO-100529,AST-9015,Preventive,P3,2025-04-11,2025-05-02,2025-05-16,COMPLETE
WO-100530,AST-0097,Inspection,P3,2025-04-12,2025-04-26,2025-04-21,Completed
WO-100531,AST-0109,Corrective,P4,2025-04-13,2025-05-22,2025-06-16,COMPLETE
WO-100532,AST-0110,corrective,P4,2025-04-13,2025-06-07,2025-05-22,Completed
WO-100533,AST-0032,Preventive,P3,2025-04-14,2025-04-28,2025-04-18,Completed
WO-100534,AST-0094,Preventive,,2025-04-14,2025-05-02,2025-04-25,Closed
WO-100535,AST-0055,corrective,P3,2025-04-15,2025-05-08,2025-04-15,completed 
WO-100536,AST-0158,Corrective,P4,2025-04-15,2025-06-09,2025-05-16,Completed
WO-100537,AST-0075,Corrective,P3,2025-04-15,2025-05-05,2025-05-02,Completed
WO-100538,AST-0163,preventive,P4,2025-04-16,2025-06-04,2025-06-30,Completed
WO-100539,AST-0052,Preventive,P3,2025-04-16,2025-05-05,2025-04-23,Completed
WO-100540,AST-0132,Corrective,P4,2025-04-17,2025-05-26,2025-05-29,completed 
WO-100541,AST-0126,preventive,P3,2025-04-17,2025-05-14,,In Progress
WO-100542,AST-0106,Preventive,P2,2025-04-17,2025-04-27,,Open
WO-100543,AST-0085,Corrective,P3,19/04/2025,17/05/2025,01/05/2025,Completed
WO-100544,AST-0104,Preventive,P3,2025-04-19,2025-05-07,2025-05-05,Completed
WO-100545,AST-0095,Inspection,4,2025-04-19,2025-06-02,2025-05-26,Completed
WO-100546,AST-0059,CM,P3,2025-04-19,2025-05-04,,In Progress
WO-100547,AST-0035,Preventive,P3,2025-04-19,2025-05-07,2025-05-17,Completed
WO-100548,AST-0086,Corrective,3,2025-04-19,2025-05-19,2025-04-26,Completed
WO-100549,AST-0154,Preventive,P3,2025-04-20,2025-05-19,2025-04-26,Closed
WO-100550,AST-0183,Corrective,3,2025-04-21,2025-05-10,2025-04-24,Completed
WO-100551,AST-0188,Corrective,P2,2025-04-21,2025-05-01,,Open
WO-100552,AST-0185,inspection,P2,2025-04-21,2025-04-29,2025-04-23,Completed
WO-100553,AST-0141,Preventive,P4,2025-04-23,2025-06-10,,Open
WO-100554,AST-0038,Preventive,P3,2025-04-23,2025-05-19,2025-05-11,Completed
WO-100555,AST-0039,Corrective,,2025-04-24,2025-04-30,2025-04-30,Completed
WO-100556,AST-0103,CM,P3,2025-04-25,2025-05-09,,In Progress
WO-100557,AST-0141,Preventive,P4,2025-04-27,2025-06-19,2025-05-15,Completed
WO-100558,AST-0027,Preventive,P2,2025-04-27,2025-05-06,2025-04-29,Completed
WO-100559,AST-0162,corrective,P4,2025-04-27,2025-06-02,2025-05-02,Completed
WO-100560,AST-0164,Corrective,2,2025-04-28,2025-05-07,2025-05-05,Completed
WO-100561,AST-0045,PM,,2025-04-28,2025-05-15,2025-04-28,Completed
WO-100562,AST-0093,Corrective,,2025-05-02,2025-05-12,2025-05-15,Completed
WO-100563,AST-0082,Corrective,P2,2025-05-03,2025-05-08,,In Progress
WO-100564,AST-0154,Corrective,P4,2025-05-03,2025-06-04,2025-05-10,Completed
WO-100565,AST-0028,Preventive,3,2025-05-03,2025-05-19,2025-05-25,Completed
WO-100566,AST-0132,Corrective,P2,2025-05-04,2025-05-14,2025-05-07,Completed
WO-100567,AST-0181,Corrective,,2025-05-04,2025-05-13,2025-05-13,Completed
WO-100568,AST-0068,Corrective,3,2025-05-04,2025-05-18,,Open
WO-100569,AST-0063,Preventive,P4,2025-05-05,2025-07-03,2025-06-21,Closed
WO-100570,AST-0139,Corrective,P4,2025-05-06,2025-07-04,,Cancelled
WO-100571,AST-0044,Corrective,P2,2025-05-07,2025-05-12,2025-05-07,Closed
WO-100572,AST-0165,PREVENTIVE,3,2025-05-07,2025-05-21,2025-05-10,Completed
WO-100573,AST-0093,INSP,P2,2025-05-07,2025-05-14,2025-06-08,Completed
WO-100574,AST-0022,Corrective,P4,2025-05-07,2025-06-07,2025-06-03,Completed
WO-100575,AST-0177,Emergency,1,2025-05-08,2025-05-09,2025-05-08,Completed
WO-100576,AST-0072,Preventive,P2,2025-05-08,2025-05-14,2025-05-08,COMPLETE
WO-100577,AST-0149,PM,P3,08/05/2025,22/05/2025,20/05/2025,Closed
WO-100578,AST-0161,Preventive,P4,2025-05-08,2025-06-20,2025-05-26,Completed
WO-100579,AST-0163,Preventive,P4,2025-05-09,2025-06-22,2025-05-30,Closed
WO-100580,AST-0108,Corrective,P2,2025-05-09,2025-05-18,2025-05-12,Completed
WO-100581,AST-0169,PM,P3,2025-05-10,2025-06-09,2025-05-27,Completed
WO-100582,AST-0072,INSP,P3,10/05/2025,06/06/2025,26/05/2025,Completed
WO-100583,AST-0072,preventive,P3,2025-05-10,2025-06-02,2025-06-01,completed 
WO-100584,AST-0045,Corrective,P2,2025-05-11,2025-05-20,2025-06-16,Completed
WO-100585,AST-0038,Corrective,P3,2025-05-11,2025-06-03,2025-05-15,Completed
WO-100586,AST-0135,Inspection,,2025-05-12,2025-05-18,2025-06-13,Completed
WO-100587,AST-0141,Preventive,P2,2025-05-12,2025-05-19,2025-05-14,Closed
WO-100588,AST-9017,corrective,P1,2025-05-12,2025-05-15,2025-05-13,Closed
WO-100589,AST-0058,Corrective,3,2025-05-12,2025-06-01,2025-05-30,Completed
WO-100590,AST-0190,EMERGENCY,1,2025-05-12,2025-05-13,,Open
WO-100591,AST-0003,Corrective,3,2025-05-12,2024-13-45,2025-06-15,Completed
WO-100592,AST-0118,Corrective,P4,2025-05-13,2025-06-26,2025-06-25,Completed
WO-100593,AST-0074,Preventive,P1,2025-05-14,2025-05-16,,Cancelled
WO-100594,AST-9009,Preventive,P3,2025-05-14,2025-06-04,2025-05-25,Completed
WO-100595,AST-0089,inspection,P4,15/05/2025,04/07/2025,09/07/2025,Completed
WO-100596,AST-0195,corrective,P2,2025-05-15,2025-05-25,2025-05-17,Completed
WO-100597,AST-0119,Preventive,P2,2025-05-16,2025-05-25,2025-05-25,Completed
WO-100598,AST-0180,Preventive,P4,2025-05-16,2025-06-15,2025-07-11,Closed
WO-100599,AST-0113,Emergency,P1,2025-05-16,2025-05-19,2025-05-17,Completed
WO-100600,AST-0173,corrective,P3,2025-05-16,2025-06-01,2025-05-24,Completed
WO-100601,AST-0112,Corrective,3,2025-05-16,2025-06-07,2025-06-01,Completed
WO-100602,AST-0116,preventive,P2,2025-05-17,2025-05-25,2025-05-24,Completed
WO-100603,AST-0091,Preventive,P3,2025-05-17,2025-06-10,2025-05-23,Completed
WO-100604,AST-0130,Preventive,P2,2025-05-17,2025-05-23,2025-05-18,Closed
WO-100605,AST-0158,Preventive,P4,2025-05-18,2025-06-20,,In Progress
WO-100606,AST-0118,Preventive,P3,2025-05-18,2025-06-05,2025-05-21,Closed
WO-100607,AST-0095,preventive,P4,2025-05-18,2025-06-21,2025-06-11,completed 
WO-100608,AST-0123,Corrective,P3,2025-05-18,2025-06-12,2025-06-06,Completed
WO-100609,AST-0174,Inspection,P4,2025-05-19,2025-06-22,2025-05-27,Completed
WO-100610,AST-0096,Preventive,3,2025-05-19,2025-06-12,2025-06-09,Completed
WO-100611,AST-0187,PM,P3,2025-05-19,2025-06-03,,OPEN
WO-100612,AST-0194,Preventive,P3,2025-05-19,2025-06-06,2025-06-23,Closed
WO-100613,AST-0186,Preventive,P3,2025-05-20,2025-06-07,,Cancelled
WO-100614,AST-0014,inspection,P2,2025-05-21,2025-05-31,2025-05-21,Completed
WO-100615,AST-0139,Corrective,,2025-05-21,2025-06-17,2025-05-30,Completed
WO-100616,AST-0022,Corrective,P3,2025-05-22,2025-06-16,2025-05-27,Completed
WO-100617,AST-0166,Corrective,P4,2025-05-22,2025-06-25,2025-06-11,Completed
WO-100618,AST-0005,corrective,P1,22/05/2025,23/05/2025,,In Progress
WO-100619,AST-0014,Corrective,P2,2025-05-22,,2025-05-25,Completed
WO-100620,AST-0063,preventive,4,0000-00-00,2025-07-07,2025-07-03,Completed
WO-100621,AST-0025,CM,,2025-05-22,2025-06-05,2025-06-05,Completed
WO-100622,AST-0036,Corrective,P3,2025-05-23,2025-06-18,2025-06-22,Completed
WO-100623,AST-0021,PREVENTIVE,P3,2025-05-23,2025-06-12,2025-06-24,Completed
WO-100624,AST-0150,Preventive,P3,2025-05-23,2025-06-14,2025-06-30,Completed
WO-100625,AST-0029,Preventive,P3,2025-05-24,2025-06-14,2025-05-30,Completed
WO-100626,AST-0066,Preventive,P2,2025-05-24,2025-06-01,2025-06-01,Completed
WO-100627,AST-0105,PM,P4,2025-05-24,2025-07-11,2025-08-10,Completed
WO-100628,AST-0097,PM,P3,2025-05-24,2025-06-14,,Cancelled
WO-100629,AST-0085,preventive,P3,24/05/2025,17/06/2025,28/05/2025,Completed
WO-100630,AST-0042,Preventive,P3,2025-05-25,2025-06-08,2025-06-08,Completed
WO-100631,AST-0157,Preventive,,2025-05-25,2025-07-23,2025-06-16,Completed
WO-100632,AST-0056,Preventive,P4,2025-05-25,2025-07-17,2025-07-16,Closed
WO-100633,AST-0025,corrective,P2,2025-05-26,2025-06-04,2025-06-19,Completed
WO-100634,AST-0088,Preventive,P4,2025-05-26,2025-07-21,,In Progress
WO-100635,AST-0100,PM,P3,26/05/2025,15/06/2025,26/05/2025,Completed
WO-100636,AST-0110,Preventive,P4,2025-05-26,2025-07-04,2025-06-28,Closed
WO-100637,AST-0077,PREVENTIVE,P2,2025-05-26,2025-06-01,2025-06-01,Completed
WO-100638,AST-0008,Corrective,P1,2025-05-26,2025-05-29,2025-05-29,Completed
WO-100639,AST-0003,Corrective,P3,2025-05-27,2025-06-24,,IN_PROGRESS
WO-100640,AST-0134,Corrective,P4,2025-05-28,2025-07-08,2025-07-03,Completed
WO-100641,AST-0008,Emergency,P1,2025-05-28,2025-05-31,2025-05-30,Completed
WO-100642,AST-0148,Preventive,P3,2025-05-28,2025-06-21,2025-07-07,completed 
WO-100643,AST-0192,CM,P2,2025-05-29,2025-06-06,2025-06-28,Completed
WO-100644,AST-0020,Inspection,P2,2025-05-29,2025-06-05,2025-05-29,COMPLETE
WO-100645,AST-0018,Preventive,P2,2025-05-29,2025-06-03,2025-06-14,Completed
WO-100646,AST-9019,Preventive,,2025-05-29,2025-06-06,2025-06-06,Closed
WO-100647,AST-0021,corrective,P3,2025-05-29,2025-06-21,2025-06-12,completed 
WO-100648,AST-0029,Preventive,P2,29/05/2025,08/06/2025,06/06/2025,completed 
WO-100649,AST-0200,Inspection,P4,2025-05-29,2025-07-09,2025-07-04,COMPLETE
WO-100650,AST-0021,Emergency,,2025-05-30,2025-06-01,2025-06-01,Completed
WO-100651,AST-0096,Preventive,P2,2025-05-30,2025-06-05,2025-05-31,Closed
WO-100652,AST-0056,Preventive,P4,2025-05-31,2025-07-01,2025-06-13,Completed
WO-100653,AST-0017,Corrective,P3,2025-05-31,2025-06-17,2025-06-12,Completed
WO-100654,AST-9001,Corrective,P3,2025-05-31,2025-06-14,2025-07-10,Completed
WO-100655,AST-0161,Preventive,P1,2025-06-01,2025-06-02,2025-06-02,Completed
WO-100656,AST-0040,preventive,P4,2025-06-01,2025-07-22,2025-07-11,Completed
WO-100657,AST-0195,inspection,P2,2025-06-02,2025-06-12,2025-06-08,Completed
WO-100658,AST-0002,corrective,P3,2025-06-04,2025-06-19,2025-06-09,Completed
WO-100659,AST-0118,Emergency,P1,2025-06-04,2025-06-06,,Completed
WO-100660,AST-0104,Corrective,P4,2025-06-07,2025-07-23,2025-07-12,Completed
WO-100661,AST-0079,PREVENTIVE,P2,2025-06-08,2025-06-14,2025-06-08,Completed
WO-100662,AST-0184,Preventive,P3,2025-06-08,2025-06-30,2025-06-28,Completed
WO-100663,AST-0063,CM,P1,2025-06-08,2025-06-09,2025-06-27,Completed
WO-100664,AST-0060,Inspection,P4,2025-06-09,2025-07-13,,Cancelled
WO-100665,AST-0029,Inspection,P2,2025-06-09,2025-06-18,2025-06-11,completed 
WO-100666,AST-0011,Corrective,P3,2025-06-09,2025-07-07,2025-06-16,Completed
WO-100667,AST-0128,Corrective,P4,2025-06-09,2025-07-16,2025-06-26,Completed
WO-100668,AST-0028,Corrective,P3,2025-06-10,2025-06-26,2025-06-14,Completed
WO-100669,AST-0080,corrective,P3,2025-06-10,2025-07-03,2025-06-16,Completed
WO-100670,AST-0092,corrective,P2,2025-06-10,2025-06-17,2025-07-03,Completed
WO-100671,AST-0055,Preventive,P2,2025-06-10,2025-06-20,2025-06-18,Completed
WO-100672,AST-9002,Preventive,P2,2025-06-10,2025-06-17,2025-06-14,Completed
WO-100673,AST-0019,Emergency,P1,2025-06-10,2025-06-13,,Open
WO-100674,AST-0165,Inspection,P2,2025-06-11,2025-06-20,,Completed
WO-100675,AST-0032,Inspection,P3,2025-06-11,2025-07-01,2025-06-27,Completed
WO-100676,AST-0118,inspection,P4,2025-06-11,2025-08-04,2025-07-19,Completed
WO-100677,AST-0156,PM,P3,2025-06-12,2025-07-05,2025-07-03,Completed
WO-100678,AST-0021,Preventive,2,2025-06-12,2025-06-19,2025-06-15,Completed
WO-100679,AST-0069,Corrective,P3,2025-06-12,2025-07-12,2025-06-18,Completed
WO-100680,AST-0037,Preventive,,2025-06-13,2025-07-17,2025-08-11,Completed
WO-100681,AST-0152,EMERGENCY,1,2025-06-13,2025-06-14,2025-06-06,completed 
WO-100682,AST-0134,corrective,P4,2025-06-14,2025-07-21,2025-02-30,Completed
WO-100683,AST-0150,Inspection,P4,2025-06-14,2025-07-19,2025-08-11,Completed
WO-100684,AST-0120,CM,P3,2025-06-14,2025-07-01,2025-06-25,Completed
WO-100685,AST-0062,Inspection,P2,2025-06-14,2025-06-22,2025-07-03,Completed
WO-100686,AST-0122,Preventive,P2,2025-06-15,2025-06-25,2025-06-17,Completed
WO-100687,AST-0100,Preventive,P2,2025-06-15,2025-06-20,2025-06-18,Completed
WO-100688,AST-0124,Preventive,P3,2025-06-16,,2025-07-08,Completed
WO-100689,AST-0163,PM,P3,2025-06-16,2025-07-15,2025-06-22,Completed
WO-100690,AST-0053,Corrective,P2,2025-06-16,,2025-06-17,Completed
WO-100691,AST-9007,Preventive,P3,2025-06-16,2025-07-03,,In Progress
WO-100692,AST-0150,Preventive,P3,2025-06-16,2025-07-01,,Cancelled
WO-100693,AST-0084,Corrective,P3,2025-06-17,2025-07-12,2025-06-24,Completed
WO-100694,AST-0001,PREVENTIVE,4,2025-06-18,2025-07-29,,In Progress
WO-100695,AST-9019,preventive,3,2025-06-18,2025-07-05,2025-06-27,Completed
WO-100696,AST-0042,Inspection,P3,19/06/2025,12/07/2025,20/07/2025,completed 
WO-100697,AST-0146,Corrective,P2,2025-06-20,2025-06-30,2025-06-24,completed 
WO-100698,AST-0188,Corrective,P3,2025-06-22,2025-07-21,,Open
WO-100699,AST-0142,Preventive,P3,2025-06-22,2025-07-08,2025-07-03,Completed
WO-100700,AST-0068,CM,P4,2025-06-22,2025-07-30,2025-07-28,COMPLETE
WO-100701,AST-0102,Preventive,P4,2025-06-23,2025-07-31,2025-08-05,Completed
WO-100702,AST-0073,Inspection,3,2025-06-24,2025-07-15,2025-08-09,completed 
WO-100703,AST-0068,Corrective,P3,2025-06-24,2025-07-21,2025-07-13,Completed
WO-100704,AST-0011,preventive,P2,2025-06-25,2025-07-01,2025-06-21,Closed
WO-100705,AST-0160,CM,P3,2025-06-25,2025-07-16,,Canceled
WO-100706,AST-9009,Preventive,P2,2025-06-26,2025-07-06,2025-07-14,Completed
WO-100707,AST-0071,Corrective,P3,2025-06-26,2025-07-13,2025-06-27,Completed
WO-100708,AST-0037,Preventive,3,2025-06-26,2025-07-14,2025-07-21,Completed
WO-100709,AST-0190,Preventive,P4,2025-06-27,2025-08-20,2025-08-15,Completed
WO-100710,AST-0031,Preventive,P2,2025-06-27,2025-07-07,2025-06-30,Completed
WO-100711,AST-0060,INSP,P3,2025-06-27,2025-07-13,,Open
WO-100712,AST-9001,Preventive,P3,2025-06-29,2025-07-23,,Cancelled
WO-100713,AST-0082,Preventive,P3,2025-06-29,2025-07-19,2025-08-02,Completed
WO-100714,AST-0200,preventive,P3,30/06/2025,16/07/2025,08/07/2025,Closed
WO-100715,AST-0198,PM,P4,2025-06-30,2025-08-29,2025-08-10,Completed
WO-100716,AST-0188,Inspection,P3,2025-07-01,2025-07-18,2025-07-15,Completed
WO-100717,AST-0147,corrective,4,2025-07-01,2025-07-31,2025-07-11,Completed
WO-100718,AST-0030,Corrective,P4,01/07/2025,26/08/2025,13/08/2025,Completed
WO-100719,AST-0156,Preventive,P3,2025-07-01,2025-07-16,2025-07-12,Completed
WO-100720,AST-0011,PM,P4,2025-07-01,2025-08-12,2025-07-20,Closed
WO-100721,AST-0062,Corrective,P3,2025-07-02,2025-07-24,2025-07-09,Completed
WO-100722,AST-0066,Preventive,P4,2025-07-02,2025-08-02,,Cancelled
WO-100723,AST-0022,PM,P2,2025-07-02,2025-07-12,,open
WO-100724,AST-0078,Inspection,,2025-07-02,,2025-07-05,COMPLETE
WO-100725,AST-0034,Corrective,P3,2025-07-03,2025-07-30,2025-08-24,Completed
WO-100726,AST-0188,Corrective,P3,03/07/2025,17/07/2025,12/07/2025,Completed
WO-100727,AST-0091,Inspection,,2025-07-03,2025-07-20,,In Progress
WO-100728,AST-0147,Corrective,,2025-07-03,2025-07-29,2025-07-09,Completed
WO-100729,AST-0173,Corrective,P3,2025-07-04,2025-07-24,2025-07-14,COMPLETE
WO-100730,AST-0004,Corrective,,2025-07-04,2025-07-09,2025-07-09,Completed
WO-100731,AST-0169,Preventive,P3,2025-07-05,2025-07-20,2025-07-23,COMPLETE
WO-100732,AST-0021,Corrective,P4,2025-07-05,2025-08-08,,Open
WO-100733,AST-0007,Preventive,P3,2025-07-05,2025-07-26,,Open
WO-100734,AST-0017,PREVENTIVE,P3,05/07/2025,31/07/2025,29/07/2025,Completed
WO-100735,AST-0047,Preventive,P3,2025-07-05,2025-07-26,2025-07-26,Completed
WO-100736,AST-0057,Preventive,,2025-07-07,2025-07-25,2025-07-07,completed 
WO-100737,AST-0149,Preventive,P2,2025-07-07,2025-07-17,2025-07-14,Completed
WO-100738,AST-0014,Preventive,P4,08/07/2025,09/08/2025,31/07/2025,Completed
WO-100739,AST-0035,Inspection,P4,2025-07-08,2025-08-19,,In Progress
WO-100740,AST-0056,Preventive,4,2025-07-08,2025-09-04,2025-09-04,completed 
WO-100741,AST-0141,Preventive,P4,2025-07-09,2025-08-16,2025-07-24,Completed
WO-100742,AST-0144,Preventive,P3,10/07/2025,05/08/2025,04/08/2025,Completed
WO-100743,AST-0018,Preventive,P2,2025-07-10,2025-07-18,2025-07-13,Completed
WO-100744,AST-0057,Preventive,P3,2025-07-10,2025-08-08,,IN_PROGRESS
WO-100745,AST-0074,Preventive,P4,10/07/2025,13/08/2025,17/07/2025,Completed
WO-100746,AST-0200,Corrective,,2025-07-11,2025-09-03,2025-09-28,Completed
WO-100747,AST-0093,corrective,1,2025-07-11,2025-07-13,,Open
WO-100748,AST-0142,Emergency,P1,2025-07-11,,2025-07-13,Completed
WO-100749,AST-0006,Preventive,P1,2025-07-12,2025-07-15,2025-07-12,Completed
WO-100750,AST-0011,Preventive,P3,2025-07-12,2025-08-01,,Completed
WO-100751,AST-0158,Corrective,P3,2025-07-12,2025-08-01,2025-07-12,Completed
WO-100752,AST-0065,PREVENTIVE,P3,2025-07-12,2025-07-28,2025-07-17,Completed
WO-100753,AST-0111,Preventive,P3,2025-07-12,2025-07-27,2025-07-26,Completed
WO-100754,AST-0189,Corrective,P4,2025-07-12,2025-08-29,2025-07-22,Completed
WO-100755,AST-0040,Preventive,P1,2025-07-13,2025-02-30,,Completed
WO-100756,AST-0024,preventive,P4,2025-07-13,2025-09-08,2025-08-01,completed 
WO-100757,AST-0065,Preventive,P2,2025-07-14,2025-07-24,2025-08-14,Completed
WO-100758,AST-0059,Preventive,P3,2025-07-15,2025-08-04,2025-08-03,Completed
WO-100759,AST-0122,Corrective,P2,2025-07-15,2025-07-20,2025-07-28,Completed
WO-100760,AST-0047,Preventive,3,2025-07-16,2025-08-07,2025-08-13,Completed
WO-100761,AST-0112,Corrective,P4,2025-07-17,2025-09-13,2025-09-03,completed 
WO-100762,AST-0084,Preventive,P2,2025-07-18,2025-07-26,2025-07-12,Completed
WO-100763,AST-0091,Corrective,P2,2025-07-18,2025-07-28,2025-07-26,Completed
WO-100764,AST-0057,Corrective,P3,2025-07-19,2025-08-02,2025-07-28,completed 
WO-100765,AST-0117,CM,P3,19/07/2025,10/08/2025,16/08/2025,Completed
WO-100766,AST-0189,Preventive,P4,2025-07-19,2025-09-07,2025-07-26,Completed
WO-100767,AST-0106,Preventive,P3,2025-07-19,2025-02-30,2025-08-08,Completed
WO-100768,AST-0111,Preventive,3,2025-07-19,2025-08-13,2025-07-22,Completed
WO-100769,AST-0147,corrective,3,2025-07-22,2025-08-06,2025-07-24,COMPLETE
WO-100770,AST-0129,corrective,,2025-07-22,2025-08-20,2025-07-26,Completed
WO-100771,AST-0052,PM,P1,2025-07-22,2025-07-24,,In Progress
WO-100772,AST-0059,Corrective,P2,2025-07-22,2025-07-29,2025-07-25,Completed
WO-100773,AST-0028,Preventive,P3,2025-07-24,2025-08-08,,Cancelled
WO-100774,AST-0178,Emergency,,2025-07-24,2025-07-25,,Open
WO-100775,AST-0071,PREVENTIVE,,2025-07-24,2025-08-10,,In Progress
WO-100776,AST-0019,Corrective,P3,2025-07-24,2025-08-23,,Cancelled
WO-100777,AST-0139,Preventive,,2025-07-25,2025-08-04,2025-08-04,Completed
WO-100778,AST-0172,preventive,3,2025-07-25,2025-08-10,2025-08-09,Completed
WO-100779,AST-9004,Inspection,P2,2025-07-25,2025-07-31,,Cancelled
WO-100780,AST-0005,Corrective,P3,2025-07-25,2025-08-09,2025-08-09,Completed
WO-100781,AST-0131,Preventive,P2,2025-07-25,2025-08-03,2025-07-25,Completed
WO-100782,AST-0121,Corrective,P2,2025-07-25,2025-08-03,2025-08-26,Completed
WO-100783,AST-0059,inspection,P2,2025-07-25,2025-07-30,2025-07-27,Completed
WO-100784,AST-9008,PREVENTIVE,P3,2025-07-25,2025-08-24,2025-09-10,Completed
WO-100785,AST-0101,Emergency,P1,2025-07-26,2025-07-29,2025-07-27,Completed
WO-100786,AST-0081,Corrective,P3,2025-07-26,2025-08-09,2025-08-08,Completed
WO-100787,AST-0050,Corrective,P3,26/07/2025,12/08/2025,11/08/2025,Completed
WO-100788,AST-0007,PM,P3,2025-07-26,2025-08-25,2025-08-01,Completed
WO-100789,AST-0151,Emergency,1,2025-07-26,2025-07-27,2025-07-27,Completed
WO-100790,AST-0022,Corrective,P3,2025-07-26,2025-08-13,2025-08-11,Completed
WO-100791,AST-0081,Preventive,P2,2025-07-27,2025-08-06,2025-08-23,Completed
WO-100792,AST-0107,PREVENTIVE,P3,2025-07-27,2025-08-12,,Completed
WO-100793,AST-0181,corrective,3,2025-07-27,2025-08-23,2025-08-07,Completed
WO-100794,AST-0117,CM,P2,2025-07-28,2025-08-06,2025-07-31,COMPLETE
WO-100795,AST-0143,Corrective,P3,28/07/2025,18/08/2025,15/08/2025,Completed
WO-100796,AST-0154,Preventive,P3,2025-07-29,2025-08-27,2025-08-09,Completed
WO-100797,AST-0145,Preventive,P4,2025-07-29,2025-09-06,2025-09-05,Completed
WO-100798,AST-0168,Corrective,P4,2025-07-29,2025-09-10,2025-08-28,Completed
WO-100799,AST-0139,INSP,P3,2025-07-29,2025-08-26,2025-08-07,Completed
WO-100800,AST-0128,Corrective,3,2025-07-30,2025-08-14,2025-08-06,Completed
WO-100801,AST-0187,Corrective,4,2025-07-30,2025-09-28,2025-09-24,completed 
WO-100802,AST-0110,Preventive,P4,2025-07-30,2025-09-12,2025-08-01,Completed
WO-100803,AST-0147,Preventive,P4,2025-07-30,2025-09-01,2025-09-05,Completed
WO-100804,AST-0093,Corrective,P3,2025-07-31,2025-08-22,2025-08-05,Completed
WO-100805,AST-0053,Preventive,P2,2025-07-31,2025-08-10,2025-08-03,Completed
WO-100806,AST-0093,Corrective,P3,2025-08-01,2025-08-22,2025-08-18,Completed
WO-100807,AST-0048,PREVENTIVE,P4,2025-08-01,2025-09-10,2025-08-29,Completed
WO-100808,AST-0182,Preventive,P3,2025-08-02,2025-08-26,2025-09-25,Completed
WO-100809,AST-0099,Corrective,P4,2025-08-03,2025-09-07,2025-08-27,Completed
WO-100810,AST-0161,Corrective,4,2025-08-03,2025-09-10,2025-08-20,Completed
WO-100811,AST-9012,Preventive,P3,2025-08-03,2025-08-30,2025-08-08,Completed
WO-100812,AST-0117,Corrective,P3,0000-00-00,2025-08-31,2025-08-17,Completed
WO-100813,AST-0146,PM,P2,2025-08-04,2025-08-13,,Open
WO-100814,AST-0033,Corrective,P3,2025-08-04,2025-08-22,2025-08-21,Completed
WO-100815,AST-0112,Preventive,P3,2025-08-05,2025-08-28,2025-08-25,Completed
WO-100816,AST-0006,corrective,P3,2025-08-05,2025-09-04,2025-08-14,Completed
WO-100817,AST-0024,Preventive,P4,2025-08-06,2025-09-11,2025-08-29,Completed
WO-100818,AST-0188,CM,P3,2025-08-06,2025-09-05,,In Progress
WO-100819,AST-0110,Preventive,P3,2025-08-06,2025-08-28,2025-08-26,Completed
WO-100820,AST-0021,PM,P3,2025-08-06,2025-09-02,2025-08-29,Completed
WO-100821,AST-0094,Preventive,4,2025-08-06,2025-09-11,2025-08-20,Completed
WO-100822,AST-0129,Preventive,P4,2025-08-07,2025-09-19,2025-09-14,Closed
WO-100823,AST-0079,PM,,2025-08-07,2025-09-17,2025-08-29,Completed
WO-100824,AST-0166,inspection,P4,07/08/2025,20/09/2025,17/08/2025,Completed
WO-100825,AST-0063,Inspection,P2,2025-08-07,2025-08-13,2025-08-08,Completed
WO-100826,AST-0002,Preventive,P1,2025-08-07,2025-08-08,2025-08-07,Closed
WO-100827,AST-0188,Preventive,P3,2025-08-08,2025-08-29,2025-08-23,Completed
WO-100828,AST-0024,Preventive,P4,2025-08-08,2025-10-03,2025-08-21,Completed
WO-100829,AST-0089,Corrective,P4,2025-08-08,2025-10-06,,In Progress
WO-100830,AST-0013,Corrective,P3,08/08/2025,25/08/2025,19/08/2025,Completed
WO-100831,AST-0139,PREVENTIVE,P3,08/08/2025,01/09/2025,24/08/2025,Completed
WO-100832,AST-0193,Preventive,P4,2025-08-09,2025-09-22,2025-09-12,Completed
WO-100833,AST-0163,Inspection,4,2025-08-09,2025-09-28,2025-10-12,completed 
WO-100834,AST-0063,Preventive,P2,2025-08-09,2025-08-18,2025-08-18,COMPLETE
WO-100835,AST-0028,Corrective,P3,2025-08-09,2025-08-30,2025-08-17,Completed
WO-100836,AST-0172,corrective,P3,10/08/2025,30/08/2025,23/08/2025,Completed
WO-100837,AST-0100,Corrective,P3,2025-08-10,2025-08-25,2025-08-19,Completed
WO-100838,AST-9020,Preventive,P2,2025-08-10,2025-08-19,2025-08-19,Completed
WO-100839,AST-0192,Corrective,P3,2025-08-11,2025-09-05,2025-08-15,Closed
WO-100840,AST-0165,Inspection,P1,11/08/2025,13/08/2025,11/08/2025,Completed
WO-100841,AST-0061,Preventive,P2,2025-08-12,2025-08-22,N/A,Closed
WO-100842,AST-9003,Inspection,P3,12/08/2025,26/08/2025,,In Progress
WO-100843,AST-0136,Preventive,P1,2025-08-12,2025-08-15,2025-08-15,Completed
WO-100844,AST-0073,Preventive,4,2025-08-12,2025-09-30,2025-09-24,Completed
WO-100845,AST-0108,PREVENTIVE,P4,2025-08-12,2025-09-21,2025-08-14,Completed
WO-100846,AST-0146,Preventive,P3,2025-08-13,2025-09-02,2025-08-14,completed 
WO-100847,AST-0198,Corrective,P2,13/08/2025,21/08/2025,14/08/2025,Completed
WO-100848,AST-9010,preventive,P2,2025-08-13,2025-08-19,2025-08-14,completed 
WO-100849,AST-0041,preventive,P1,2025-08-14,2025-08-16,2025-08-30,Completed
WO-100850,AST-0003,Corrective,P4,2025-08-14,2025-09-19,,IN_PROGRESS
WO-100851,AST-0016,PREVENTIVE,P3,2025-08-14,2025-09-13,2025-09-18,Completed
WO-100852,AST-0097,Corrective,P2,14/08/2025,20/08/2025,18/08/2025,Completed
WO-100853,AST-9020,INSP,P3,2025-08-15,,2025-08-18,Completed
WO-100854,AST-0126,Preventive,P2,2025-08-15,2025-08-22,2025-08-16,Completed
WO-100855,AST-0151,Preventive,P3,2025-08-15,2025-09-08,2025-08-17,completed 
WO-100856,AST-0009,PM,P3,2025-08-16,2025-09-14,,In Progress
WO-100857,AST-0194,corrective,3,2025-08-16,2025-09-09,2025-09-06,Completed
WO-100858,AST-0045,Inspection,P3,16/08/2025,10/09/2025,04/09/2025,Completed
WO-100859,AST-0160,Preventive,P4,16/08/2025,07/10/2025,19/09/2025,Completed
WO-100860,AST-0072,Preventive,P3,2025-08-17,2025-09-01,,In Progress
WO-100861,AST-0058,Preventive,3,2025-08-18,2025-09-01,2025-08-30,Completed
WO-100862,AST-0024,Preventive,P4,2025-08-18,2025-10-06,2025-09-13,Closed
WO-100863,AST-0180,CM,P4,18/08/2025,16/10/2025,14/11/2025,completed 
WO-100864,AST-0168,Preventive,P3,2025-08-18,2025-09-04,,Cancelled
WO-100865,AST-0044,Preventive,P4,18/08/2025,20/09/2025,05/09/2025,Completed
WO-100866,AST-0120,Preventive,2,2025-08-18,2025-08-25,2025-08-23,Completed
WO-100867,AST-0123,Preventive,3,2025-08-18,2025-09-02,2025-08-23,completed 
WO-100868,AST-0180,Corrective,P2,2025-08-18,2025-08-27,2025-08-28,Completed
WO-100869,AST-0183,Corrective,P2,2025-08-19,2025-08-24,,Open
WO-100870,AST-0099,PREVENTIVE,P2,2025-08-19,2025-08-27,2025-08-28,completed 
WO-100871,AST-0143,Corrective,P3,2025-08-19,2025-09-03,2025-09-29,completed 
WO-100872,AST-0145,PM,P3,2025-08-19,2025-09-16,2025-09-07,Completed
WO-100873,AST-0175,CM,P2,2025-08-19,2025-08-27,2025-08-26,Completed
WO-100874,AST-0138,Corrective,P3,2025-08-20,2025-09-16,2025-09-09,Completed
WO-100875,AST-0026,Preventive,2,2025-08-20,2025-08-29,2025-08-21,Completed
WO-100876,AST-0173,Corrective,P4,21/08/2025,20/09/2025,25/08/2025,Closed
WO-100877,AST-0182,Emergency,P1,22/08/2025,25/08/2025,,In Progress
WO-100878,AST-0071,Preventive,P4,2025-08-22,2025-10-17,2025-10-12,Completed
WO-100879,AST-0071,Corrective,P3,2025-08-23,2025-09-16,2025-10-08,Completed
WO-100880,AST-0174,PREVENTIVE,P3,2025-08-23,2025-09-08,2025-08-17,Completed
WO-100881,AST-0017,Preventive,P3,2025-08-23,2025-09-09,2025-09-03,Completed
WO-100882,AST-0160,Preventive,P4,2025-08-23,2025-10-14,2025-09-14,Completed
WO-100883,AST-0004,Preventive,P3,31/02/2025,09/09/2025,03/09/2025,Completed
WO-100884,AST-0172,Preventive,P3,2025-08-24,2025-09-14,2025-08-27,completed 
WO-100885,AST-0007,Preventive,P1,2025-08-25,2025-08-27,2025-09-09,Completed
WO-100886,AST-0170,INSP,3,2025-08-25,2025-09-15,2025-09-11,Completed
WO-100887,AST-0080,Emergency,,2025-08-26,2025-08-29,2025-08-27,Completed
WO-100888,AST-0166,Preventive,P2,2025-08-26,2025-09-02,,Completed
WO-100889,AST-0175,CM,P3,2025-08-27,2025-09-19,2025-09-14,Completed
WO-100890,AST-0062,Corrective,P3,2025-08-27,2025-09-21,2025-09-10,Completed
WO-100891,AST-0182,Inspection,P2,2025-08-28,2025-09-03,,Cancelled
WO-100892,AST-0121,PM,P4,2025-08-28,2025-09-29,2025-09-29,COMPLETE
WO-100893,AST-0196,PREVENTIVE,P3,2025-08-29,2025-09-20,2025-09-18,COMPLETE
WO-100894,AST-0140,Inspection,P3,2025-08-29,2025-09-23,2025-09-21,Closed
WO-100895,AST-0098,Inspection,P3,2025-08-29,2025-09-26,2025-09-22,Completed
WO-100896,AST-0043,PREVENTIVE,P2,2025-08-29,2025-09-07,2025-09-05,Completed
WO-100897,AST-0059,corrective,P3,30/08/2025,26/09/2025,09/09/2025,completed 
WO-100898,AST-0090,Corrective,P4,2025-08-30,2025-10-20,2025-09-24,Completed
WO-100899,AST-0073,Corrective,2,2025-08-30,2025-09-08,2025-09-22,Completed
WO-100900,AST-0028,Inspection,P3,2025-08-31,2025-09-24,2025-09-06,Completed
WO-100901,AST-0177,preventive,P3,2025-08-31,2025-09-23,2025-09-15,Completed
WO-100902,AST-0002,inspection,P3,2025-08-31,2025-09-27,2025-10-22,Completed
WO-100903,AST-0173,PREVENTIVE,P4,2025-08-31,2025-10-04,2025-10-03,Completed
WO-100904,AST-0147,Preventive,P3,2025-09-01,2025-09-24,2025-09-06,Completed
WO-100905,AST-0123,preventive,P3,2025-09-01,2025-09-29,,Open
WO-100906,AST-0166,Corrective,P2,2025-09-02,2025-09-11,2025-09-11,completed 
WO-100907,AST-0155,preventive,P3,2025-09-02,N/A,2025-09-09,Completed
WO-100908,AST-0086,Preventive,P4,2025-09-02,2025-10-11,2025-11-02,Completed
WO-100909,AST-0158,Corrective,P4,2025-09-04,2025-10-22,2025-09-21,Closed
WO-100910,AST-0134,Inspection,P4,2025-09-04,2025-10-24,2025-10-16,Completed
WO-100911,AST-0011,Preventive,P4,2025-09-04,2025-10-07,,Cancelled
WO-100912,AST-0059,Corrective,P1,2025-09-05,2025-09-06,2025-09-06,Completed
WO-100913,AST-0008,Preventive,P3,2025-09-05,2025-10-01,2025-09-05,Completed
WO-100914,AST-0109,Preventive,P4,2025-09-05,2025-10-05,2025-09-18,Completed
WO-100915,AST-0130,Corrective,P4,2025-09-06,2025-10-28,2025-11-01,completed 
WO-100916,AST-0078,corrective,P3,2025-09-06,2025-09-21,,Completed
WO-100917,AST-9010,Corrective,,2025-09-07,2025-10-21,2025-10-19,Completed
WO-100918,AST-0036,PM,,2025-09-07,2025-09-27,2025-09-15,Completed
WO-100919,AST-0037,corrective,P2,2025-09-07,2025-09-12,,In Progress
WO-100920,AST-0041,Preventive,3,2025-09-07,2025-09-27,,Open
WO-100921,AST-0085,Preventive,P3,2025-09-08,2025-10-01,2025-09-29,Completed
WO-100922,AST-0016,Preventive,P3,2025-09-08,2025-09-23,2025-09-18,Closed
WO-100923,AST-0108,Preventive,,2025-09-08,2025-10-06,2025-09-11,Completed
WO-100924,AST-0134,Corrective,P3,2025-09-08,2025-10-07,2025-10-03,Completed
WO-100925,AST-0183,PM,P4,2025-09-09,2025-10-27,2025-11-02,Completed
WO-100926,AST-0173,PM,,2025-09-09,2025-10-04,2025-09-22,Closed
WO-100927,AST-0088,inspection,P4,2025-09-10,2025-11-08,2025-10-28,Completed
WO-100928,AST-0093,Preventive,P3,11/09/2025,08/10/2025,21/09/2025,COMPLETE
WO-100929,AST-0154,PM,P3,2025-09-11,2025-09-29,,CANCELLED
WO-100930,AST-0030,Corrective,,2025-09-11,2025-11-10,2025-11-03,COMPLETE
WO-100931,AST-9001,Corrective,P4,2025-09-11,2025-10-11,,Cancelled
WO-100932,AST-0140,Corrective,P4,2025-09-11,2025-11-07,2025-09-14,Completed
WO-100933,AST-0185,EMERGENCY,P1,2025-09-11,2025-09-12,2025-09-12,Completed
WO-100934,AST-0164,Corrective,P3,2025-09-13,2025-10-13,2025-09-30,Completed
WO-100935,AST-0161,Preventive,P4,2025-09-15,2025-11-12,2025-11-25,Completed
WO-100936,AST-0137,Corrective,P3,2025-09-15,2025-09-30,2025-09-15,Completed
WO-100937,AST-0085,Preventive,P2,2025-09-17,2025-09-26,2025-09-25,Completed
WO-100938,AST-0193,Corrective,P4,2025-09-17,2025-10-19,,Open
WO-100939,AST-0130,Preventive,P3,2025-09-17,2025-10-17,2025-09-20,Completed
WO-100940,AST-0043,Corrective,P3,2025-09-19,2025-10-18,2025-10-19,Completed
WO-100941,AST-0113,Preventive,P2,2025-09-19,2025-09-24,2025-10-14,Completed
WO-100942,AST-0097,Preventive,P2,2025-09-19,2025-09-29,2025-09-27,Completed
WO-100943,AST-0171,Preventive,P4,20/09/2025,06/11/2025,,Open
WO-100944,AST-0200,Preventive,P3,2025-09-21,2025-10-21,2025-10-30,Completed
WO-100945,AST-0015,Corrective,P3,2025-09-21,2025-10-15,2025-09-26,Completed
WO-100946,AST-0180,Preventive,P3,2025-09-22,2025-10-18,2025-10-01,Completed
WO-100947,AST-0199,corrective,,2025-09-22,2025-10-18,2025-10-02,Closed
WO-100948,AST-0150,Preventive,P3,23/09/2025,21/10/2025,14/10/2025,Completed
WO-100949,AST-0023,Preventive,P2,23/09/2025,28/09/2025,27/09/2025,Completed
WO-100950,AST-0073,Preventive,P2,2025-09-24,2025-10-04,,Completed
WO-100951,AST-0131,Preventive,2,2025-09-24,2025-09-29,2025-09-24,Completed
WO-100952,AST-0091,Preventive,P3,2025-09-25,,2025-10-12,Completed
WO-100953,AST-0001,Preventive,P2,25/09/2025,04/10/2025,25/09/2025,COMPLETE
WO-100954,AST-0152,Preventive,P2,2025-09-26,2025-10-04,2025-10-27,Completed
WO-100955,AST-0170,INSP,P3,2025-09-26,2025-10-23,2025-10-03,Completed
WO-100956,AST-0130,Corrective,P3,2025-09-26,2025-10-19,2025-10-12,Completed
WO-100957,AST-0029,Corrective,P4,2025-09-27,2025-11-13,2025-10-19,Completed
WO-100958,AST-0116,Corrective,P1,2025-09-27,2025-09-29,2025-09-28,Closed
WO-100959,AST-0048,Corrective,,2025-09-27,2025-10-16,2025-09-27,Completed
WO-100960,AST-0179,preventive,P3,2025-09-28,2025-10-20,2025-10-10,Completed
WO-100961,AST-0047,CM,P4,2025-09-28,2025-11-26,2025-10-31,Completed
WO-100962,AST-0087,Inspection,P4,2025-09-28,2025-11-01,2025-10-16,Completed
WO-100963,AST-0093,Corrective,P2,2025-09-28,2025-10-07,2025-10-06,Completed
WO-100964,AST-0144,CM,1,2025-09-28,2025-09-29,2025-09-28,Completed
WO-100965,AST-0023,Preventive,P3,2025-09-28,2025-10-19,2025-10-15,Completed
WO-100966,AST-0189,Corrective,,2025-09-29,2025-11-27,2025-12-03,COMPLETE
WO-100967,AST-0183,Corrective,P3,2025-09-29,2025-10-20,2025-10-17,Completed
WO-100968,AST-0132,Preventive,4,2025-09-29,2025-11-22,2025-12-01,Completed
WO-100969,AST-0067,Preventive,P1,2025-09-29,2025-09-30,2025-09-30,Completed
WO-100970,AST-0047,preventive,P3,2025-09-30,2025-10-15,2025-10-02,Completed
WO-100971,AST-0001,PREVENTIVE,P2,2025-09-30,2025-10-09,2025-10-23,Closed
WO-100972,AST-0033,Corrective,P3,2025-10-01,,2025-10-13,Completed
WO-100973,AST-0168,Preventive,P3,2025-10-01,2025-10-22,2025-10-12,Completed
WO-100974,AST-0006,Preventive,P3,01/10/2025,29/10/2025,24/10/2025,Completed
WO-100975,AST-0047,corrective,P4,2025-10-03,2025-11-17,2025-11-08,Completed
WO-100976,AST-0167,Preventive,P3,2025-10-03,2025-10-19,2025-10-19,Completed
WO-100977,AST-0094,Preventive,P3,2025-10-03,2025-10-27,2025-10-23,Completed
WO-100978,AST-0071,Preventive,3,2025-10-03,2025-11-01,2025-10-16,Closed
WO-100979,AST-0007,Preventive,P3,2025-10-03,2025-10-27,2025-10-27,COMPLETE
WO-100980,AST-0155,CM,P2,2025-10-03,2025-10-12,2025-10-09,Completed
WO-100981,AST-0181,Corrective,P3,2025-10-04,2025-10-25,2025-10-13,Completed
WO-100982,AST-9001,Preventive,,2025-10-04,2025-10-31,2025-11-22,Completed
WO-100983,AST-0195,Emergency,P1,2025-10-04,2025-10-06,2025-10-05,Completed
WO-100984,AST-0157,CM,P3,2025-10-04,2025-10-31,2025-10-25,Completed
WO-100985,AST-0076,Preventive,P3,2025-10-04,2025-10-28,,IN_PROGRESS
WO-100986,AST-0093,PREVENTIVE,P4,2025-10-04,2025-11-11,2025-11-07,Completed
WO-100987,AST-0175,Preventive,P3,2025-10-05,2025-10-25,2025-11-11,Completed
WO-100988,AST-0036,Preventive,P4,2025-10-05,2025-11-24,2025-11-22,Completed
WO-100989,AST-0086,Emergency,P1,2025-10-05,2025-10-07,2025-10-06,COMPLETE
WO-100990,AST-0173,Inspection,P3,2025-10-05,2025-10-31,2025-10-26,Completed
WO-100991,AST-0067,Preventive,P2,2025-10-05,2025-10-12,2025-10-07,COMPLETE
WO-100992,AST-0157,Preventive,P2,2025-10-06,2025-10-15,2025-10-10,Completed
WO-100993,AST-0029,Preventive,P2,2025-10-06,2025-10-11,2025-10-23,Completed
WO-100994,AST-0161,PM,P3,06/10/2025,,06/10/2025,Completed
WO-100995,AST-0082,preventive,P4,2025-10-06,2025-11-27,2025-10-10,COMPLETE
WO-100996,AST-0003,Preventive,P4,2025-10-07,2025-12-04,2025-12-01,Completed
WO-100997,AST-9013,Preventive,P4,2025-10-07,2025-11-07,2025-11-30,Completed
WO-100998,AST-0159,Preventive,P3,2025-10-07,2025-10-29,2025-10-25,Completed
WO-100999,AST-0049,Preventive,P2,2025-10-08,2025-10-16,,Open
WO-101000,AST-0178,Corrective,P3,2025-10-08,2025-10-30,2025-10-15,COMPLETE
WO-101001,AST-0183,Emergency,P1,2025-10-08,2025-10-09,2025-10-03,Completed
WO-101002,AST-0158,Corrective,P3,2025-10-08,2025-11-01,2025-11-11,Completed
WO-101003,AST-9008,CM,,2025-10-09,2025-11-02,,Open
WO-101004,AST-9011,EM,P1,09/10/2025,11/10/2025,11/10/2025,Completed
WO-101005,AST-0012,Corrective,P2,2025-10-09,2025-10-17,2025-10-09,Completed
WO-101006,AST-0177,Inspection,P3,2025-10-09,2025-10-30,2025-10-15,Completed
WO-101007,AST-0024,Preventive,P4,2025-10-10,,2025-10-28,Completed
WO-101008,AST-0035,Corrective,P3,2025-10-10,2025-11-06,2025-10-10,COMPLETE
WO-101009,AST-0037,Preventive,3,2025-10-10,2025-10-27,2025-10-16,completed 
WO-101010,AST-0006,Preventive,P3,2025-10-10,2025-11-05,2025-10-14,Completed
WO-101011,AST-0120,Preventive,P2,2025-10-10,2025-10-20,2025-10-15,Completed
WO-101012,AST-0056,Preventive,P2,2025-10-11,2025-10-20,2025-10-15,Closed
WO-101013,AST-0197,Preventive,P3,2025-10-11,2025-10-26,2025-10-19,Completed
WO-101014,AST-0020,preventive,P3,2025-10-12,2025-11-10,2025-10-17,Completed
WO-101015,AST-0003,Emergency,P1,2025-10-12,2025-10-14,2025-10-12,Completed
WO-101016,AST-0106,Corrective,P3,2025-10-13,2025-11-12,,Cancelled
WO-101017,AST-0117,preventive,P2,2025-10-14,2025-10-20,2025-10-20,completed 
WO-101018,AST-0133,Preventive,P3,2025-10-14,2025-11-08,,Cancelled
WO-101019,AST-0086,Preventive,P4,2025-10-15,2025-12-04,2025-11-24,Completed
WO-101020,AST-9005,Corrective,P3,2025-10-16,N/A,2025-10-24,Completed
WO-101021,AST-0020,Preventive,P4,2025-10-17,2025-12-07,2025-11-23,Completed
WO-101022,AST-0078,Preventive,P3,2025-10-17,2025-11-02,2025-10-26,completed 
WO-101023,AST-0141,Corrective,P3,2025-10-17,2025-11-15,,in progress
WO-101024,AST-0022,Preventive,4,2025-10-17,2025-12-06,2025-10-17,COMPLETE
WO-101025,AST-0193,Corrective,P3,2025-10-17,2025-11-16,2025-11-03,Completed
WO-101026,AST-0086,Corrective,P2,2025-10-17,,2025-11-21,Completed
WO-101027,AST-0060,Preventive,P4,2025-10-17,2025-12-05,2025-10-27,Completed
WO-101028,AST-0087,Emergency,P1,2025-10-18,2025-10-21,,In Progress
WO-101029,AST-0032,Inspection,P4,18/10/2025,29/11/2025,24/11/2025,Completed
WO-101030,AST-0075,Preventive,P3,2025-10-18,2025-11-04,2025-11-04,Completed
WO-101031,AST-0101,Corrective,P3,2025-10-18,2025-11-05,2025-12-04,Completed
WO-101032,AST-0173,Preventive,P4,2025-10-18,2025-12-11,2025-12-17,Completed
WO-101033,AST-0083,Inspection,4,2025-10-19,2025-12-04,2025-10-21,Completed
WO-101034,AST-0111,preventive,P1,2025-10-19,2025-10-22,2025-10-21,Completed
WO-101035,AST-0128,CM,3,2025-10-19,2025-11-04,,Open
WO-101036,AST-0009,Inspection,P3,2025-10-20,2025-11-06,2025-10-27,Completed
WO-101037,AST-0020,Preventive,P3,2025-10-20,2025-11-08,2025-10-28,Completed
WO-101038,AST-0070,Preventive,P4,2025-10-20,2025-11-21,,Cancelled
WO-101039,AST-9006,PM,3,2025-10-20,2025-11-13,2025-10-25,completed 
WO-101040,AST-0111,Preventive,P4,2025-10-20,2025-12-10,2025-12-06,Completed
WO-101041,AST-0058,Corrective,P3,2025-10-21,2025-11-16,2025-11-16,Completed
WO-101042,AST-0184,PREVENTIVE,3,21/10/2025,05/11/2025,,In Progress
WO-101043,AST-0186,EMERGENCY,P1,2025-10-21,2025-10-22,2025-10-22,Closed
WO-101044,AST-0179,Preventive,P3,2025-10-21,2025-11-12,2025-11-07,completed 
WO-101045,AST-0052,Corrective,P1,2025-10-22,2025-10-23,,In Progress
WO-101046,AST-0153,Inspection,2,2025-10-22,2025-10-29,2025-10-26,Completed
WO-101047,AST-0112,Preventive,P4,2025-10-22,2025-11-25,2025-11-11,Completed
WO-101048,AST-0157,CM,P3,2025-10-23,2025-11-13,2025-10-30,COMPLETE
WO-101049,AST-0164,CM,P4,2025-10-23,2025-12-16,2025-10-28,Completed
WO-101050,AST-0179,Corrective,P4,2025-10-24,2025-12-12,2026-01-03,Completed
WO-101051,AST-0170,Corrective,P1,2025-10-24,2025-10-26,2025-10-24,Completed
WO-101052,AST-0137,Corrective,P4,25/10/2025,05/12/2025,26/11/2025,Completed
WO-101053,AST-0016,Preventive,P4,2025-10-25,2025-12-07,2025-11-08,Completed
WO-101054,AST-0179,Preventive,P4,2025-10-25,2025-12-06,,Cancelled
WO-101055,AST-0170,Inspection,P3,2025-10-25,2025-11-10,,Open
WO-101056,AST-9020,Corrective,P3,2025-10-25,2025-11-17,2025-11-02,Completed
WO-101057,AST-0105,Corrective,P4,2025-10-26,2025-12-11,2025-11-04,Completed
WO-101058,AST-0004,Preventive,P3,2025-10-26,2025-11-21,2025-11-16,Completed
WO-101059,AST-0101,Preventive,P4,2025-10-26,2025-12-07,2025-11-05,Completed
WO-101060,AST-0088,INSP,P3,2025-10-26,2025-11-22,2025-10-29,Completed
WO-101061,AST-0119,Preventive,P3,26/10/2025,12/11/2025,29/10/2025,Completed
WO-101062,AST-0052,Preventive,P4,2025-10-27,2025-12-08,2025-11-12,Completed
WO-101063,AST-0170,Corrective,P4,2025-10-27,2025-12-15,2025-12-05,completed 
WO-101064,AST-9014,Preventive,P4,2025-02-30,2025-12-08,2025-11-27,Completed
WO-101065,AST-0140,Preventive,P2,2025-10-28,2025-11-03,2025-11-03,Completed
WO-101066,AST-0177,Inspection,2,2025-10-28,2025-11-02,2025-11-02,Completed
WO-101067,AST-0089,EM,P1,2025-10-28,2025-10-29,2025-10-28,Completed
WO-101068,AST-0018,Preventive,P2,2025-10-28,2025-11-04,2025-11-02,Completed
WO-101069,AST-0082,corrective,2,2025-10-28,2025-11-02,2025-11-10,Completed
WO-101070,AST-0172,PREVENTIVE,P3,29/10/2025,26/11/2025,,Cancelled
WO-101071,AST-0004,Preventive,P3,29/10/2025,20/11/2025,04/11/2025,Completed
WO-101072,AST-0199,EM,P1,2025-10-30,2025-10-31,2025-11-29,Closed
WO-101073,AST-0083,preventive,P2,2025-10-30,2025-11-04,2025-11-01,Closed
WO-101074,AST-0098,Preventive,P3,2025-10-30,2025-11-26,,Open
WO-101075,AST-0039,PREVENTIVE,P4,2025-10-31,2025-12-14,2025-11-05,Completed
WO-101076,AST-0196,Preventive,P3,2025-10-31,2025-11-27,,Open
WO-101077,AST-0172,Preventive,P3,2025-10-31,2025-11-28,2025-10-31,Completed
WO-101078,AST-0156,Corrective,2,2025-11-01,2025-11-11,2025-11-28,Closed
WO-101079,AST-0165,Emergency,P1,2025-11-01,2025-11-02,2025-11-01,Completed
WO-101080,AST-0080,corrective,P4,01/11/2025,26/12/2025,09/11/2025,completed 
WO-101081,AST-0147,Preventive,P4,2025-11-01,2025-12-11,2025-11-03,Completed
WO-101082,AST-0139,Inspection,4,2025-11-01,2024-13-45,2025-12-07,COMPLETE
WO-101083,AST-0057,Corrective,P2,2025-11-02,2025-11-10,2025-11-04,Completed
WO-101084,AST-0031,corrective,P4,2025-11-02,2025-12-22,2026-01-04,Completed
WO-101085,AST-0115,Preventive,P3,2025-11-04,2025-12-03,,completed 
WO-101086,AST-0049,corrective,P3,2025-11-04,2025-11-21,2025-11-06,Closed
WO-101087,AST-0134,Preventive,P3,2025-11-04,2025-11-22,2025-11-10,Completed
WO-101088,AST-0031,Preventive,P2,2025-11-04,2025-11-09,2025-11-06,COMPLETE
WO-101089,AST-0005,Preventive,P3,2025-11-04,2025-11-30,2025-12-25,Completed
WO-101090,AST-0103,Corrective,P3,2025-11-05,2025-11-25,2025-11-12,Completed
WO-101091,AST-0109,corrective,P3,2025-11-06,2025-11-26,2025-11-02,Completed
WO-101092,AST-0081,Corrective,P3,2025-11-08,2025-11-24,2025-11-12,Completed
WO-101093,AST-0095,CM,P4,2025-11-08,2025-12-12,2025-11-16,Completed
WO-101094,AST-0103,Preventive,P3,2025-11-08,,2025-11-21,Completed
WO-101095,AST-0045,Preventive,P3,2025-11-09,2025-12-08,,Cancelled
WO-101096,AST-0199,Preventive,P2,2025-11-09,2025-11-19,2025-11-17,Completed
WO-101097,AST-0130,Corrective,,2025-11-09,2025-11-26,2025-11-17,Completed
WO-101098,AST-0033,PREVENTIVE,P4,2025-11-09,2026-01-04,2025-11-14,Completed
WO-101099,AST-0135,Preventive,,2025-11-09,2025-11-30,2025-12-03,Completed
WO-101100,AST-0116,Corrective,P4,10/11/2025,26/12/2025,21/11/2025,Closed
WO-101101,AST-0111,Preventive,P1,2025-11-10,2025-11-11,2025-11-10,Completed
WO-101102,AST-0024,Emergency,P1,2025-11-10,2025-11-13,2025-11-13,Completed
WO-101103,AST-0015,Inspection,P3,2025-11-10,2025-11-30,,CANCELLED
WO-101104,AST-0079,Corrective,P3,2025-11-11,2025-12-02,2025-11-23,Completed
WO-101105,AST-0100,CM,P1,2025-11-11,2025-11-14,2025-11-13,Completed
WO-101106,AST-0086,Preventive,P2,2025-11-11,2025-11-17,,Completed
WO-101107,AST-0070,Preventive,P3,2025-11-11,,,Completed
WO-101108,AST-0095,Preventive,P2,2025-11-12,2025-11-20,2025-11-13,Completed
WO-101109,AST-0025,Emergency,P1,2025-11-12,2025-11-15,2025-11-15,Completed
WO-101110,AST-0126,Preventive,P4,2025-11-12,2026-01-05,2025-12-23,Completed
WO-101111,AST-0169,Corrective,P1,2025-11-13,2025-11-14,2025-11-14,Completed
WO-101112,AST-0149,Preventive,,2025-11-13,2025-12-03,2025-11-16,Completed
WO-101113,AST-0004,Corrective,P2,2025-11-13,2025-11-20,2025-11-15,Closed
WO-101114,AST-0092,EMERGENCY,P1,2025-11-13,2025-11-15,2025-11-13,Completed
WO-101115,AST-0183,Corrective,P2,2025-11-15,2025-11-21,2025-11-15,Completed
WO-101116,AST-0198,CM,4,15/11/2025,01/01/2026,11/12/2025,Completed
WO-101117,AST-0035,preventive,P4,2025-11-15,2025-12-24,2025-12-11,Completed
WO-101118,AST-0067,Preventive,3,2025-11-16,2025-12-02,2025-11-18,Completed
WO-101119,AST-0031,Preventive,P3,2025-11-17,2025-12-11,2025-11-20,Completed
WO-101120,AST-0127,Corrective,P2,2025-11-17,2025-11-26,2025-11-26,Completed
WO-101121,AST-0159,Preventive,P3,2025-11-17,2025-12-01,2025-11-23,Completed
WO-101122,AST-0104,Corrective,P3,2025-11-17,2025-12-04,2025-11-29,Completed
WO-101123,AST-0028,Emergency,P1,2025-11-17,2025-11-18,2025-11-18,Completed
WO-101124,AST-9017,Inspection,P4,2025-02-30,2025-12-18,2025-11-22,Completed
WO-101125,AST-0014,Corrective,P2,2025-11-18,2025-11-23,2025-11-26,completed 
WO-101126,AST-0069,Preventive,P3,2025-11-19,2025-12-05,2025-11-29,Completed
WO-101127,AST-0177,Corrective,P3,2025-11-19,2025-12-18,2026-01-07,Completed
WO-101128,AST-0066,EM,P1,2025-11-19,2025-11-20,,In Progress
WO-101129,AST-0084,Inspection,P3,2025-11-19,2025-12-07,2025-11-24,Completed
WO-101130,AST-0059,Corrective,P3,2025-11-20,2025-12-04,2025-12-02,Completed
WO-101131,AST-0137,Inspection,P3,2025-11-20,2025-12-04,,Completed
WO-101132,AST-0140,Inspection,P4,2025-11-20,2026-01-03,,In Progress
WO-101133,AST-0094,Corrective,P3,2025-11-20,2025-12-17,2025-12-04,Completed
WO-101134,AST-0141,Corrective,P4,2025-11-20,2026-01-07,2025-11-29,Completed
WO-101135,AST-0017,Preventive,P3,2025-11-21,2025-12-20,2026-01-16,Completed
WO-101136,AST-0132,Corrective,P3,2025-11-21,2025-12-21,2025-11-30,Completed
WO-101137,AST-9016,Preventive,P3,2025-11-21,2025-12-07,,Open
WO-101138,AST-0099,inspection,P1,2025-11-21,2025-11-22,2025-11-22,Completed
WO-101139,AST-0196,PM,P3,2025-11-22,2025-12-09,2025-12-06,Completed
WO-101140,AST-0036,INSP,P3,2025-11-22,2025-12-17,,Open
WO-101141,AST-0131,Preventive,P3,22/11/2025,06/12/2025,08/12/2025,Completed
WO-101142,AST-0109,corrective,P4,2025-11-23,2026-01-13,2025-12-08,Completed
WO-101143,AST-0097,Preventive,P4,2025-11-23,2026-01-06,2026-01-02,Completed
WO-101144,AST-0114,PREVENTIVE,P2,2025-11-23,2025-11-28,2025-11-28,Completed
WO-101145,AST-0029,Preventive,P4,2025-11-23,2026-01-17,2026-01-13,COMPLETE
WO-101146,AST-0114,Corrective,,2025-11-24,2025-12-22,,IN_PROGRESS
WO-101147,AST-0114,Corrective,P3,2025-11-24,2025-12-20,2025-12-11,Completed
WO-101148,AST-0155,Corrective,P3,24/11/2025,19/12/2025,26/11/2025,Completed
WO-101149,AST-0132,CM,P3,2025-11-24,2025-12-24,2025-12-14,Completed
WO-101150,AST-0088,Preventive,P3,2025-11-27,2025-12-18,2026-01-04,Completed
WO-101151,AST-0188,Corrective,P4,2025-11-27,2026-01-07,2025-12-27,Completed
WO-101152,AST-0190,Corrective,P4,2025-11-28,,2026-01-26,Completed
WO-101153,AST-0128,Preventive,P3,2025-11-28,2025-12-22,2026-01-21,Completed
WO-101154,AST-0095,Preventive,3,2025-11-28,2025-12-15,2025-12-02,Completed
WO-101155,AST-0163,Inspection,P2,2025-11-28,2025-12-05,2025-11-29,Completed
WO-101156,AST-0072,CM,P3,2025-11-29,2025-12-25,2025-12-23,COMPLETE
WO-101157,AST-0063,Preventive,P4,2025-11-29,2026-01-18,2025-12-13,completed 
WO-101158,AST-0053,Preventive,P3,2025-11-29,2025-12-14,,Cancelled
WO-101159,AST-0188,CM,4,30/11/2025,25/01/2026,21/01/2026,Completed
WO-101160,AST-0067,Preventive,P3,2025-11-30,2025-12-29,2025-12-01,Completed
WO-101161,AST-0069,Preventive,P2,2025-11-30,2025-12-05,2025-12-16,Completed
WO-101162,AST-0139,PM,P2,2025-11-30,2025-12-09,2025-12-08,Completed
WO-101163,AST-0059,Preventive,P4,2025-11-30,2026-01-03,,Cancelled
WO-101164,AST-0035,Preventive,P3,2025-11-30,2025-12-14,2025-12-06,Completed
WO-101165,AST-0125,Corrective,P3,2025-12-01,2025-12-24,2025-12-12,Completed
WO-101166,AST-0077,Preventive,P1,2025-12-01,2025-12-02,2025-12-01,COMPLETE
WO-101167,AST-0117,Preventive,3,2025-12-02,,2025-12-08,Completed
WO-101168,AST-0180,Preventive,P3,2025-12-03,2026-01-01,,Cancelled
WO-101169,AST-0017,Preventive,P3,2025-12-04,2025-12-28,2025-12-23,Completed
WO-101170,AST-0131,corrective,P1,2025-12-05,2025-12-08,2025-12-06,Completed
WO-101171,AST-0059,Preventive,P2,2025-12-05,2025-12-10,2025-12-05,Completed
WO-101172,AST-0041,Preventive,P3,2025-12-06,2025-12-22,2025-12-10,Completed
WO-101173,AST-0133,Corrective,P3,2025-12-07,2025-12-27,2025-12-26,Completed
WO-101174,AST-0147,PM,P2,2025-12-07,2025-12-13,2025-12-24,COMPLETE
WO-101175,AST-0121,Preventive,P2,2025-12-08,2025-12-15,2025-12-08,Completed
WO-101176,AST-0161,CM,2,08/12/2025,13/12/2025,,In Progress
WO-101177,AST-0151,Corrective,3,2025-12-08,2025-12-28,2025-12-16,Completed
WO-101178,AST-0024,Preventive,P3,2025-12-08,2025-12-24,2026-01-13,Completed
WO-101179,AST-0067,CM,P1,2025-12-08,2025-12-11,,In Progress
WO-101180,AST-0047,Preventive,P2,2025-12-09,2025-12-15,2025-12-11,Completed
WO-101181,AST-0174,EMERGENCY,P1,2025-12-09,2025-12-12,0000-00-00,Completed
WO-101182,AST-0108,INSP,P2,2025-12-09,2025-12-17,2026-01-02,Completed
WO-101183,AST-0046,Corrective,P3,2025-12-09,2025-12-29,2026-01-28,Closed
WO-101184,AST-0057,Corrective,P3,2025-12-09,2026-01-04,2025-12-30,Completed
WO-101185,AST-0050,Preventive,P3,2025-12-10,2025-12-28,2025-12-18,Completed
WO-101186,AST-0099,Corrective,P3,2025-12-10,2025-12-29,2025-12-19,Closed
WO-101187,AST-0056,Inspection,P2,2025-12-10,2025-12-16,2025-12-20,Completed
WO-101188,AST-0181,Preventive,P4,2025-12-11,2026-02-02,2026-01-09,Completed
WO-101189,AST-0124,Preventive,,31/02/2025,2026-01-22,2025-12-12,Completed
WO-101190,AST-0173,Preventive,P2,2025-12-11,,2025-12-13,Completed
WO-101191,AST-0144,Preventive,P3,2025-12-12,2026-01-06,2025-12-23,completed 
WO-101192,AST-0082,Corrective,P2,2025-12-12,2025-12-22,2025-12-14,Completed
WO-101193,AST-0119,corrective,P3,2025-12-12,2025-12-27,2025-12-21,Completed
WO-101194,AST-0100,Preventive,P2,2025-12-12,2025-12-22,,Open
WO-101195,AST-0078,Preventive,P1,2025-12-13,2025-12-14,,Open
WO-101196,AST-0090,PREVENTIVE,P2,2025-12-13,2025-12-20,,In Progress
WO-101197,AST-0177,Preventive,P2,2025-12-13,2025-12-20,2025-12-19,COMPLETE
WO-101198,AST-0096,Preventive,P3,2025-12-14,2026-01-09,2025-12-14,Closed
WO-101199,AST-0023,Preventive,P4,2025-12-15,2026-01-16,,Completed
WO-101200,AST-0025,Preventive,P3,2025-12-17,2026-01-02,2025-12-18,completed 
WO-101201,AST-0091,Inspection,P2,2025-12-17,2025-12-25,2026-01-03,Completed
WO-101202,AST-0106,Corrective,P3,2025-12-17,,2025-12-27,Completed
WO-101203,AST-0096,Corrective,P3,2025-12-17,2026-01-01,2025-12-17,Closed
WO-101204,AST-0164,Preventive,P3,17/12/2025,03/01/2026,29/12/2025,Completed
WO-101205,AST-0090,Corrective,P2,2025-12-17,2025-12-25,2025-12-19,Completed
WO-101206,AST-0174,Preventive,P4,2025-12-18,2026-02-14,2026-01-03,COMPLETE
WO-101207,AST-0046,Preventive,P3,2025-12-19,2026-01-13,2026-01-03,Completed
WO-101208,AST-0185,preventive,P2,2025-12-20,2025-12-27,2025-12-21,Completed
WO-101209,AST-0096,Preventive,3,2025-12-20,2026-01-12,2026-01-21,Completed
WO-101210,AST-0154,Preventive,P3,2025-12-20,2026-01-18,2026-01-12,Completed
WO-101211,AST-0012,CM,P3,2025-12-20,2026-01-04,2025-12-29,Completed
WO-101212,AST-0150,Corrective,3,2025-12-20,2026-01-16,2026-01-26,COMPLETE
WO-101213,AST-0094,Preventive,P2,2025-12-21,2025-12-28,2026-01-27,completed 
WO-101214,AST-0150,Corrective,P4,2025-12-22,2026-01-26,2026-01-23,Completed
WO-101215,AST-0004,PM,P2,2025-12-23,2026-01-02,,Canceled
WO-101216,AST-0080,Preventive,P3,2025-12-23,2026-01-17,,Completed
WO-101217,AST-0054,Preventive,P3,2025-12-23,2026-01-10,2026-01-08,Completed
WO-101218,AST-0011,Corrective,P4,2025-12-24,2026-02-15,2026-01-15,Completed
WO-101219,AST-0162,Corrective,P3,2025-12-24,2026-01-14,,Open
WO-101220,AST-0184,PM,P3,2025-12-24,2026-01-18,2026-01-01,Completed
WO-101221,AST-0034,Preventive,P4,2025-12-24,,2026-01-22,Completed
WO-101222,AST-0098,Preventive,P3,2025-12-24,2026-01-10,2026-01-10,Completed
WO-101223,AST-0114,Preventive,P3,2025-12-25,2026-01-19,2025-12-29,Completed
WO-101224,AST-9007,Corrective,P2,2025-12-25,2025-12-31,2026-01-12,COMPLETE
WO-101225,AST-0072,Preventive,P2,2025-12-25,,2026-01-05,Completed
WO-101226,AST-0054,Preventive,P4,2025-12-25,2026-01-27,2026-01-22,Completed
WO-101227,AST-0091,Corrective,P4,2025-12-25,2026-02-22,2026-01-19,Completed
WO-101228,AST-0127,Corrective,P3,2025-12-25,,,Cancelled
WO-101229,AST-0116,corrective,P1,2025-12-26,2025-12-29,2025-12-27,Completed
WO-101230,AST-0111,PM,P4,2025-12-26,2026-01-26,2025-12-28,Completed
WO-101231,AST-0036,Preventive,P3,2025-12-27,2026-01-26,2026-01-31,Completed
WO-101232,AST-0167,Corrective,P3,2025-12-27,2026-01-25,2026-01-02,Completed
WO-101233,AST-0043,Preventive,P2,2025-12-27,2026-01-01,2025-12-27,Completed
WO-101234,AST-0190,Corrective,P2,2025-12-28,2026-01-03,2026-01-02,Completed
WO-101235,AST-0057,Emergency,1,2025-12-28,2025-12-29,2025-12-24,Completed
WO-101236,AST-0070,corrective,P4,N/A,2026-02-16,2026-02-12,Completed
WO-101237,AST-0196,Preventive,P3,2025-12-28,2026-01-20,2026-01-11,Completed
WO-101238,AST-0160,PREVENTIVE,P3,2025-12-28,,2026-01-23,Completed
WO-101239,AST-0187,Preventive,P3,2025-12-29,2026-01-25,2026-01-23,COMPLETE
WO-101240,AST-0122,EMERGENCY,P1,2025-12-29,2025-12-30,2025-12-30,Completed
WO-101241,AST-0045,PREVENTIVE,P3,2025-12-29,2026-01-12,2026-01-12,Completed
WO-101242,AST-0143,Preventive,P4,2025-12-30,2026-02-09,2026-01-04,Completed
WO-101243,AST-0006,Corrective,P3,2025-12-30,2026-01-24,2026-01-13,Completed
WO-101244,AST-0198,Preventive,3,30/12/2025,18/01/2026,18/01/2026,COMPLETE
WO-101245,AST-0100,Preventive,P3,2025-12-30,,2026-01-05,Completed
WO-101246,AST-0159,Preventive,P3,2025-12-30,2026-01-25,2026-01-04,Completed
WO-101247,AST-0039,Inspection,P3,2025-12-31,2026-01-15,2026-01-07,Completed
WO-101248,AST-9009,Preventive,P3,2025-12-31,2026-01-23,2026-01-04,Completed
WO-101249,AST-0087,Preventive,P3,01/01/2026,17/01/2026,05/01/2026,Completed
WO-101250,AST-0030,CM,P3,2026-01-01,2026-01-25,2026-01-06,Completed
WO-101251,AST-0169,Preventive,P3,2026-01-01,2026-01-17,2026-01-11,Completed
WO-101252,AST-0022,Inspection,P2,2026-01-02,2026-01-09,2026-01-09,Completed
WO-101253,AST-0129,Preventive,P3,2026-01-02,2026-01-22,2026-01-10,Completed
WO-101254,AST-0079,Preventive,P3,03/01/2026,19/01/2026,05/02/2026,Completed
WO-101255,AST-0155,Preventive,P3,2026-01-04,2026-01-29,2026-01-10,Completed
WO-101256,AST-0006,Preventive,P2,2026-01-04,2026-01-14,2026-01-09,Completed
WO-101257,AST-0063,corrective,P4,2026-01-04,2026-03-02,2026-01-12,Completed
WO-101258,AST-9002,Corrective,P3,2026-01-05,2026-02-02,2026-02-07,Closed
WO-101259,AST-9020,Inspection,P3,2026-01-05,2026-01-31,2026-01-26,Closed
WO-101260,AST-0191,Corrective,P3,2026-01-05,2026-01-24,2025-12-28,Completed
WO-101261,AST-0050,Preventive,P4,2026-01-05,2026-02-22,2026-01-08,completed 
WO-101262,AST-0023,PM,P2,2026-01-06,2026-01-13,2026-01-08,Completed
WO-101263,AST-0008,Corrective,P3,2026-01-06,2026-01-26,2026-01-10,Completed
WO-101264,AST-0017,Preventive,P3,2026-01-06,2026-01-20,2026-01-11,Completed
WO-101265,AST-0122,PM,P4,2026-01-06,2026-02-18,,In Progress
WO-101266,AST-0077,Corrective,P3,2026-01-07,2026-01-30,2026-01-13,Completed
WO-101267,AST-0181,Preventive,P3,2026-01-07,2026-02-01,,In Progress
WO-101268,AST-0069,Corrective,P3,2026-01-08,2026-02-06,2026-01-14,Completed
WO-101269,AST-0111,Preventive,P3,2026-01-08,2026-01-23,2026-01-27,Completed
WO-101270,AST-0159,PM,P3,2026-01-08,2026-01-25,2026-01-11,Completed
WO-101271,AST-0029,INSP,3,2026-01-09,2026-02-08,2026-03-08,Completed
WO-101272,AST-0188,Corrective,P4,2026-01-09,2026-03-10,2026-03-05,Completed
WO-101273,AST-0160,Preventive,P2,2026-01-09,2026-01-14,2026-02-04,Completed
WO-101274,AST-0037,Corrective,P3,2026-01-09,2026-02-01,2026-01-20,Completed
WO-101275,AST-0086,Corrective,P3,2026-01-10,2026-02-06,2026-01-27,Completed
WO-101276,AST-0083,Emergency,P1,2026-01-11,2026-01-13,2026-01-31,Completed
WO-101277,AST-0046,Emergency,P1,2026-01-12,2026-01-13,2026-01-12,Completed
WO-101278,AST-0012,Inspection,,2026-01-12,2026-02-07,2026-01-30,Completed
WO-101279,AST-0151,Emergency,P1,2026-01-12,2026-01-14,2026-01-13,Completed
WO-101280,AST-0083,Preventive,P3,2026-01-13,2026-01-29,,Cancelled
WO-101281,AST-0153,Corrective,P3,2026-01-13,2026-01-27,2026-01-18,COMPLETE
WO-101282,AST-0118,Inspection,P3,2026-01-13,2026-02-03,2026-03-05,Completed
WO-101283,AST-0116,preventive,,13/01/2026,11/02/2026,23/01/2026,Completed
WO-101284,AST-0163,Preventive,P3,2026-01-13,2026-02-08,2026-02-19,Completed
WO-101285,AST-9010,Corrective,P2,2026-01-14,2026-01-23,2026-01-17,Completed
WO-101286,AST-0038,Preventive,P1,2026-01-15,2026-01-17,2026-02-13,Completed
WO-101287,AST-0141,Corrective,P2,2026-01-15,2026-01-21,2026-01-19,completed 
WO-101288,AST-0088,Corrective,P3,15/01/2026,,27/01/2026,Completed
WO-101289,AST-0011,Emergency,,2026-01-16,2026-01-18,2026-01-20,Completed
WO-101290,AST-0078,Emergency,P1,16/01/2026,17/01/2026,17/01/2026,Completed
WO-101291,AST-0028,Preventive,P3,2026-01-17,2026-02-16,2026-01-18,Completed
WO-101292,AST-0109,Corrective,P3,2026-01-17,2026-02-16,2026-02-25,Completed
WO-101293,AST-0149,Corrective,P2,2026-01-17,2026-01-23,2026-01-22,Completed
WO-101294,AST-0066,PM,P3,2026-01-18,2026-02-02,2026-02-20,Completed
WO-101295,AST-0022,Preventive,P3,2026-01-18,2026-02-08,2026-02-02,Completed
WO-101296,AST-0077,CM,4,18/01/2026,17/03/2026,,COMPLETE
WO-101297,AST-0167,CM,P3,2026-01-18,2026-02-14,2026-01-30,COMPLETE
WO-101298,AST-0070,Preventive,P1,19/01/2026,22/01/2026,23/01/2026,Completed
WO-101299,AST-0115,Emergency,P1,2026-01-19,2024-13-45,2026-01-20,Completed
WO-101300,AST-0031,Preventive,P2,2026-01-21,2026-01-28,2026-01-24,Completed
WO-101301,AST-0139,Corrective,P4,21/01/2026,,22/02/2026,Completed
WO-101302,AST-0108,PM,P3,2026-01-21,2026-02-19,2026-02-18,Completed
WO-101303,AST-0161,Preventive,P3,2026-01-21,2026-02-18,2026-02-24,Completed
WO-101304,AST-0135,Preventive,P2,2026-01-23,2026-01-30,2026-02-25,Completed
WO-101305,AST-0072,inspection,P3,2026-01-24,2026-02-22,2026-02-08,Completed
WO-101306,AST-0011,PREVENTIVE,P2,2026-01-25,2026-02-01,2026-01-26,Completed
WO-101307,AST-0103,PM,P1,2026-01-25,2026-01-26,2026-01-26,Completed
WO-101308,AST-0072,Corrective,P3,2026-01-25,2026-02-13,2026-03-05,Completed
WO-101309,AST-0115,Preventive,P3,2026-01-26,2026-02-15,2026-02-14,Completed
WO-101310,AST-0090,preventive,P3,2026-01-26,2026-02-21,2026-02-09,Completed
WO-101311,AST-0052,Corrective,P3,2026-01-27,2026-02-15,2026-01-29,Completed
WO-101312,AST-0057,Inspection,P2,2026-01-28,2026-02-05,2026-01-31,Completed
WO-101313,AST-0011,CM,P3,2026-01-28,2026-02-18,2026-02-07,Completed
WO-101314,AST-0093,Preventive,P4,2026-01-28,2026-03-20,2026-03-15,Completed
WO-101315,AST-0052,preventive,P4,2026-01-29,2026-03-08,2026-03-07,Completed
WO-101316,AST-0022,PREVENTIVE,P3,2026-01-29,2026-02-19,2026-02-12,Completed
WO-101317,AST-0072,Corrective,P3,2026-01-29,2026-02-28,2026-03-27,Completed
WO-101318,AST-0179,Corrective,P1,2026-01-30,2026-02-01,2026-01-31,COMPLETE
WO-101319,AST-0098,inspection,P4,2026-01-30,2026-03-12,2026-02-05,COMPLETE
WO-101320,AST-0005,Corrective,P3,2026-01-30,2026-03-01,2026-02-19,COMPLETE
WO-101321,AST-0045,Inspection,P3,2026-01-31,2026-02-18,2026-02-16,Completed
WO-101322,AST-0183,Preventive,P4,31/01/2026,23/03/2026,16/04/2026,Completed
WO-101323,AST-0082,Inspection,P4,2026-01-31,2026-03-25,2026-02-15,Completed
WO-101324,AST-0022,Corrective,P3,2026-02-01,2026-02-19,2026-02-19,completed 
WO-101325,AST-0178,corrective,3,2026-02-01,2026-02-23,2026-02-08,Completed
WO-101326,AST-0004,Preventive,,2026-02-01,2026-02-06,2026-02-02,Completed
WO-101327,AST-0041,Preventive,P3,2026-02-02,2026-03-01,2026-02-05,Completed
WO-101328,AST-0076,Preventive,P3,2026-02-02,2026-02-25,2026-02-11,Completed
WO-101329,AST-0141,PREVENTIVE,2,2026-02-03,2026-02-13,,Open
WO-101330,AST-0018,Corrective,,2026-02-03,2026-02-04,2026-02-04,Completed
WO-101331,AST-0134,Preventive,P4,04/02/2026,31/03/2026,24/03/2026,completed 
WO-101332,AST-0059,Preventive,P3,2026-02-04,2026-03-01,2026-02-14,Completed
WO-101333,AST-0142,preventive,2,2026-02-04,31/02/2025,2026-02-07,completed 
WO-101334,AST-0018,Preventive,3,2026-02-04,2026-02-22,,In Progress
WO-101335,AST-0185,Preventive,P1,2026-02-05,2026-02-08,N/A,Completed
WO-101336,AST-0028,Preventive,P3,2026-02-05,2026-02-20,2026-02-26,COMPLETE
WO-101337,AST-0151,Preventive,3,2026-02-05,2026-02-25,2026-02-18,Closed
WO-101338,AST-0047,Corrective,P3,2026-02-06,,2026-02-10,Completed
WO-101339,AST-0200,Corrective,P2,2026-02-06,2026-02-16,2026-02-14,Completed
WO-101340,AST-0153,Preventive,P4,2026-02-06,2026-03-08,2026-02-08,completed 
WO-101341,AST-9009,Corrective,P4,2026-02-07,2026-03-30,2026-03-14,Completed
WO-101342,AST-0043,Preventive,P4,2026-02-07,2026-03-31,,Cancelled
WO-101343,AST-0008,Preventive,P4,2026-02-07,2026-04-03,2026-03-18,Completed
WO-101344,AST-0153,Corrective,P3,2026-02-07,2026-02-26,2026-03-21,Completed
WO-101345,AST-0199,Preventive,P1,2026-02-07,2026-02-10,2026-02-10,Completed
WO-101346,AST-0152,Preventive,P1,2026-02-07,2026-02-10,2026-02-09,completed 
WO-101347,AST-0151,EM,P1,2026-02-07,2026-02-08,2026-02-07,Completed
WO-101348,AST-0073,Corrective,P3,2026-02-08,2026-02-23,,Completed
WO-101349,AST-0096,corrective,,2026-02-08,2026-02-10,2026-02-28,Completed
WO-101350,AST-9003,Preventive,P3,2026-02-09,2026-02-28,2026-02-24,Completed
WO-101351,AST-0151,Preventive,1,2026-02-09,2026-02-11,2026-02-09,Completed
WO-101352,AST-0034,Corrective,P4,2026-02-10,,2026-03-17,Completed
WO-101353,AST-0083,Preventive,P2,2026-02-10,2026-02-20,2026-03-02,Completed
WO-101354,AST-0036,Preventive,P4,2026-02-11,2026-03-30,2026-02-16,completed 
WO-101355,AST-0016,corrective,,2026-02-11,2026-03-06,2026-03-08,Completed
WO-101356,AST-0088,Corrective,P4,2026-02-11,2026-03-20,2026-03-07,Completed
WO-101357,AST-0068,Preventive,P4,2026-02-12,2026-04-07,2026-03-26,Completed
WO-101358,AST-0090,corrective,P3,2026-02-13,2026-03-01,,In Progress
WO-101359,AST-0157,PM,P3,2026-02-14,2026-03-16,,In Progress
WO-101360,AST-0061,INSP,P3,2026-02-14,2026-03-12,2026-03-07,Completed
WO-101361,AST-0194,Inspection,P3,2026-02-14,2026-03-12,2026-02-23,Completed
WO-101362,AST-0177,CM,P2,2026-02-15,2026-02-25,2026-03-09,Completed
WO-101363,AST-0164,Preventive,P3,2026-02-15,2026-03-05,2026-04-04,Completed
WO-101364,AST-0070,Preventive,P4,2026-02-16,2026-04-02,2026-02-18,completed 
WO-101365,AST-0114,Corrective,P2,2026-02-16,2026-02-21,2026-02-17,Completed
WO-101366,AST-0039,inspection,P3,16/02/2026,06/03/2026,27/03/2026,Completed
WO-101367,AST-0043,preventive,P2,2026-02-16,2026-02-24,2026-02-19,Completed
WO-101368,AST-0049,Preventive,P4,2026-02-17,2026-03-23,2026-03-15,Completed
WO-101369,AST-0030,Corrective,3,2026-02-17,2026-03-15,2026-04-08,completed 
WO-101370,AST-0067,Preventive,P3,2026-02-17,2026-03-10,2026-02-24,Closed
WO-101371,AST-0104,Emergency,P1,2026-02-17,2026-02-20,2026-02-19,Completed
WO-101372,AST-0032,Preventive,P4,2026-02-18,2026-04-08,2026-03-19,Completed
WO-101373,AST-0034,Preventive,3,2026-02-18,2026-03-11,2026-04-10,Completed
WO-101374,AST-0101,Preventive,P1,2026-02-18,2026-02-19,,In Progress
WO-101375,AST-9002,Corrective,P3,2026-02-19,2026-03-17,2026-02-28,Completed
WO-101376,AST-0099,Preventive,P4,2026-02-19,2026-04-11,2026-02-23,Closed
WO-101377,AST-0027,Corrective,P2,2026-02-19,,2026-02-22,Completed
WO-101378,AST-0103,Preventive,,2026-02-19,2026-04-14,2026-04-29,Completed
WO-101379,AST-0108,Corrective,P3,2026-02-19,,,In Progress
WO-101380,AST-0112,Emergency,P1,2026-02-19,2026-02-22,2026-02-20,Completed
WO-101381,AST-0139,preventive,P3,2026-02-20,2026-03-22,2026-03-16,Completed
WO-101382,AST-0055,Corrective,P3,21/02/2026,10/03/2026,22/02/2026,Completed
WO-101383,AST-0166,Preventive,P4,2026-02-21,2026-04-21,2026-03-26,Completed
WO-101384,AST-0147,Preventive,P4,2026-02-21,2026-03-26,2026-03-02,Completed
WO-101385,AST-0102,Preventive,P4,21/02/2026,25/03/2026,17/03/2026,COMPLETE
WO-101386,AST-0053,Preventive,P3,2026-02-22,2026-03-22,2026-04-07,Completed
WO-101387,AST-0128,Preventive,P3,2026-02-22,2026-03-15,2026-02-25,Completed
WO-101388,AST-0192,Preventive,P3,2026-02-22,2026-03-08,,In Progress
WO-101389,AST-0105,Preventive,P3,23/02/2026,09/03/2026,26/02/2026,Completed
WO-101390,AST-0107,Preventive,P3,23/02/2026,22/03/2026,,In Progress
WO-101391,AST-0113,Inspection,P3,2026-02-23,2026-03-12,,Completed
WO-101392,AST-0165,Preventive,P4,2026-02-24,2026-04-03,2026-04-02,Completed
WO-101393,AST-0177,Preventive,P3,2026-02-24,2026-03-21,2026-03-17,Completed
WO-101394,AST-0084,Preventive,P4,24/02/2026,29/03/2026,06/03/2026,Completed
WO-101395,AST-0126,Inspection,P3,2026-02-24,2026-03-26,2026-02-24,Completed
WO-101396,AST-0022,CM,P3,2026-02-25,2026-03-15,2026-02-28,Completed
WO-101397,AST-0145,PM,,2026-02-25,2026-03-26,2026-03-20,Completed
WO-101398,AST-0025,Emergency,1,2026-02-25,2026-02-26,2026-02-26,Closed
WO-101399,AST-0168,Preventive,,2026-02-25,2026-03-06,2026-03-23,Completed
WO-101400,AST-0063,Emergency,1,2026-02-25,2026-02-28,2026-02-27,Closed
WO-101401,AST-0008,Emergency,P1,26/02/2026,28/02/2026,27/02/2026,Completed
WO-101402,AST-0019,Preventive,P2,2026-02-26,2026-03-07,2026-03-02,Completed
WO-101403,AST-0062,Corrective,P3,2026-02-27,2026-03-26,2026-03-30,Completed
WO-101404,AST-0186,Inspection,3,2026-02-27,2026-03-18,2026-03-11,Completed
WO-101405,AST-0012,PM,P3,2026-02-28,2026-03-14,2026-03-02,Completed
WO-101406,AST-0058,PREVENTIVE,2,2026-02-28,2026-03-05,2026-02-28,Completed
WO-101407,AST-0179,Preventive,P4,2026-02-28,2026-04-24,,Cancelled
WO-101408,AST-0151,preventive,P4,2026-02-28,2026-04-02,2026-03-01,Completed
WO-101409,AST-0077,corrective,P3,2026-02-28,,2026-03-02,Completed
WO-101410,AST-0002,Preventive,P4,2026-02-28,2026-04-25,,In Progress
WO-101411,AST-0144,CM,,2026-03-01,2026-03-04,2026-03-26,Closed
WO-101412,AST-0057,Emergency,P1,2026-03-01,2026-03-02,2026-03-19,Completed
WO-101413,AST-0076,corrective,P2,2026-03-01,2026-03-08,2026-03-01,Completed
WO-101414,AST-0154,Preventive,P2,2026-03-01,2026-03-11,2026-03-03,Closed
WO-101415,AST-0043,Emergency,P1,2026-03-02,2026-03-05,2026-03-05,completed 
WO-101416,AST-0015,Emergency,P1,2026-03-04,2026-03-05,2026-04-02,Completed
WO-101417,AST-0135,Preventive,P2,2026-03-05,2026-03-12,2026-03-08,Completed
WO-101418,AST-0009,Corrective,3,2026-03-05,2026-03-30,,in progress
WO-101419,AST-0147,PM,P3,2026-03-06,2026-03-27,,CANCELLED
WO-101420,AST-0087,Preventive,P3,2026-03-07,2026-03-31,,In Progress
WO-101421,AST-0027,corrective,P3,2026-03-08,2026-04-02,2026-04-08,Completed
WO-101422,AST-9006,Preventive,P4,2026-03-08,2026-04-15,2026-04-10,completed 
WO-101423,AST-0149,Corrective,P3,2026-03-08,2026-04-05,2026-03-12,Completed
WO-101424,AST-0039,corrective,P1,2026-03-08,2026-03-09,2026-03-09,Completed
WO-101425,AST-0151,Preventive,P3,2026-03-08,2026-03-25,2026-04-09,Closed
WO-101426,AST-0162,Preventive,P3,09/03/2026,01/04/2026,19/03/2026,completed 
WO-101427,AST-0093,Corrective,P2,2026-03-09,2026-03-17,2026-03-17,Completed
WO-101428,AST-0126,PM,P3,2026-03-09,2026-04-05,2026-03-20,Completed
WO-101429,AST-0154,Preventive,P3,2026-03-09,2026-03-25,,Open
WO-101430,AST-0049,corrective,P3,2026-03-09,2026-03-24,2026-03-12,COMPLETE
WO-101431,AST-0111,CM,P3,2026-03-10,2026-03-26,2026-03-16,Completed
WO-101432,AST-0038,Preventive,P3,2026-03-10,2026-03-25,2026-03-13,COMPLETE
WO-101433,AST-9014,Corrective,P4,2026-03-11,2026-04-13,,Canceled
WO-101434,AST-0055,Inspection,P3,2026-03-11,2026-03-29,,Completed
WO-101435,AST-0138,Preventive,P3,2026-03-12,2026-03-30,,OPEN
WO-101436,AST-0106,Corrective,P2,2026-03-13,2026-03-22,2026-03-20,Completed
WO-101437,AST-0068,Corrective,P3,2026-03-13,2026-04-11,2026-04-06,Completed
WO-101438,AST-0055,Preventive,P3,2026-03-14,2026-04-01,2026-03-19,Completed
WO-101439,AST-0010,Preventive,P1,2026-03-14,2026-03-15,2026-03-14,Completed
WO-101440,AST-0129,PM,P3,2026-03-14,2026-04-09,2026-04-21,Completed
WO-101441,AST-0128,PREVENTIVE,P3,2026-03-16,2026-03-30,2026-03-19,Completed
WO-101442,AST-9009,Preventive,,16/03/2026,07/04/2026,23/03/2026,Completed
WO-101443,AST-0150,Preventive,4,2026-03-16,2026-04-26,2026-04-11,Closed
WO-101444,AST-0018,Corrective,P4,2026-03-17,2026-04-26,2026-05-07,Completed
WO-101445,AST-0085,CM,P2,17/03/2026,27/03/2026,26/03/2026,Completed
WO-101446,AST-0068,Preventive,P2,2026-03-17,2026-03-27,,Open
WO-101447,AST-0171,Corrective,P3,2026-03-17,2026-04-03,2026-04-03,COMPLETE
WO-101448,AST-0080,preventive,P4,2026-03-18,2026-05-08,,In Progress
WO-101449,AST-0181,Corrective,P2,2026-03-18,2026-03-25,2026-03-18,completed 
WO-101450,AST-0157,Preventive,P2,2026-03-18,2026-03-25,,Cancelled
WO-101451,AST-0186,preventive,P2,2026-03-18,2026-03-27,2026-03-25,Completed
WO-101452,AST-0176,PM,P3,2026-03-19,2026-04-05,,Cancelled
WO-101453,AST-0195,Corrective,P1,2026-03-19,2026-03-22,2026-03-19,Completed
WO-101454,AST-0188,corrective,P3,2026-03-19,2026-04-18,2026-04-03,Completed
WO-101455,AST-0101,PM,P1,2026-03-19,2026-03-22,2026-03-19,Completed
WO-101456,AST-0026,Corrective,P3,2026-03-20,2026-04-16,2026-04-07,Completed
WO-101457,AST-0158,PREVENTIVE,P1,2026-03-20,2026-03-23,2026-04-12,Completed
WO-101458,AST-0149,PREVENTIVE,3,2026-03-20,2026-04-05,2026-03-22,Completed
WO-101459,AST-0014,CM,P4,2026-03-20,2026-05-09,2026-03-26,Completed
WO-101460,AST-0076,Corrective,P3,2026-03-20,2026-04-03,2026-03-23,Completed
WO-101461,AST-0014,CM,4,2026-03-21,2026-05-18,2026-05-13,Completed
WO-101462,AST-0048,Inspection,P3,2026-03-21,2026-04-09,2026-03-22,Completed
WO-101463,AST-0053,Inspection,P3,2026-03-21,2026-04-14,2026-04-09,Completed
WO-101464,AST-0058,Preventive,3,2026-03-22,2026-04-13,2026-04-13,Completed
WO-101465,AST-0054,Preventive,3,2026-03-22,2026-04-18,2026-03-26,Completed
WO-101466,AST-0086,preventive,P2,2026-03-22,2026-03-31,2026-03-23,completed 
WO-101467,AST-0054,Inspection,P4,2026-03-22,2026-05-19,,Cancelled
WO-101468,AST-0041,Preventive,P3,2026-03-23,2026-04-13,,Open
WO-101469,AST-0199,Corrective,P2,23/03/2026,31/03/2026,31/03/2026,Completed
WO-101470,AST-0095,Preventive,3,2026-03-24,2026-04-10,2026-04-10,Completed
WO-101471,AST-0174,Corrective,P2,2026-03-24,2026-03-30,2026-03-15,COMPLETE
WO-101472,AST-0196,Preventive,P3,2026-03-24,2026-04-23,2026-03-30,Completed
WO-101473,AST-0130,PM,P4,2026-03-25,2026-05-10,2026-04-13,Completed
WO-101474,AST-0067,CM,4,2026-03-26,2026-04-27,2026-04-13,Completed
WO-101475,AST-0002,CM,P3,2026-03-26,2026-04-15,2026-03-29,Completed
WO-101476,AST-0130,Corrective,P4,2026-03-26,2026-04-26,2026-03-27,Completed
WO-101477,AST-0008,Preventive,P1,2026-03-26,2026-03-27,,Canceled
WO-101478,AST-0179,inspection,P2,2026-03-26,2026-04-02,2026-04-02,Completed
WO-101479,AST-0081,Preventive,P2,2026-03-26,2026-04-01,2026-03-29,completed 
WO-101480,AST-0167,Preventive,,2026-03-27,2026-04-11,2026-04-07,Completed
WO-101481,AST-9018,Inspection,P3,2026-03-27,2026-04-15,2026-04-16,Completed
WO-101482,AST-0044,Preventive,P2,2026-03-27,2026-04-04,2026-03-29,Completed
WO-101483,AST-0107,CM,P3,2026-03-27,2026-04-17,2026-04-07,Completed
WO-101484,AST-0058,Corrective,P3,2026-03-28,2026-04-16,2026-04-02,Completed
WO-101485,AST-0001,corrective,P4,2026-03-29,2026-05-14,2026-05-10,Completed
WO-101486,AST-0063,Inspection,P2,2026-03-29,2026-04-04,,In Progress
WO-101487,AST-0169,Preventive,P3,2026-03-29,2026-04-24,2026-03-29,Completed
WO-101488,AST-0026,Corrective,P2,2026-03-29,2026-04-03,2026-04-26,completed 
WO-101489,AST-0145,Preventive,P4,2026-03-30,2026-05-09,,Completed
WO-101490,AST-0132,CM,P3,2026-03-30,2026-04-14,2026-04-04,Completed
WO-101491,AST-0082,Emergency,P1,2026-03-31,,2026-04-01,completed 
WO-101492,AST-0027,Corrective,P3,2026-04-01,2026-04-15,2026-04-15,Completed
WO-101493,AST-0183,Corrective,P3,2026-04-02,2026-05-01,2026-04-11,Completed
WO-101494,AST-0178,Inspection,P3,2026-04-02,2026-04-21,,In Progress
WO-101495,AST-0185,Preventive,4,2026-04-02,2026-05-08,2026-04-23,COMPLETE
WO-101496,AST-0192,corrective,P3,2026-04-03,2026-04-24,2026-04-16,Completed
WO-101497,AST-0064,Preventive,P3,2026-04-03,2026-04-18,,Open
WO-101498,AST-0066,EM,P1,2026-04-03,2026-04-05,,Completed
WO-101499,AST-0016,Preventive,P3,2026-04-03,2026-04-23,2026-04-22,Completed
WO-101500,AST-0084,Corrective,,2026-04-03,2026-05-05,,Cancelled
WO-101501,AST-0194,EM,P1,2026-04-04,2026-04-07,2026-04-07,Completed
WO-101502,AST-0133,INSP,P2,2026-04-04,2026-04-12,,Open
WO-101503,AST-0136,Preventive,P3,2026-04-04,2026-04-23,2026-04-16,Completed
WO-101504,AST-0050,Preventive,P3,2026-04-04,2026-04-18,2026-04-08,Completed
WO-101505,AST-0200,Preventive,2,2026-04-04,2026-04-11,2026-04-06,COMPLETE
WO-101506,AST-0132,Preventive,P3,2026-04-05,,2026-04-14,COMPLETE
WO-101507,AST-0109,Preventive,P2,2026-04-05,2026-04-12,,Cancelled
WO-101508,AST-0134,Corrective,P3,2026-04-05,2026-04-22,2026-04-06,completed 
WO-101509,AST-0143,Inspection,P3,2026-04-05,2026-05-04,2026-04-07,Completed
WO-101510,AST-0176,Preventive,P4,2026-04-05,2026-05-29,2026-05-14,Completed
WO-101511,AST-0033,Preventive,P4,2026-04-06,2026-05-10,2026-04-17,Completed
WO-101512,AST-0101,Preventive,1,2026-04-06,2026-04-09,2026-04-07,Completed
WO-101513,AST-0084,Inspection,,2026-04-06,2026-04-30,,Completed
WO-101514,AST-0117,Inspection,P3,2026-04-07,2026-04-29,2026-04-29,Completed
WO-101515,AST-0166,Corrective,P4,2026-04-07,,2026-05-22,completed 
WO-101516,AST-9007,Preventive,4,2026-04-08,2026-06-06,2026-05-06,COMPLETE
WO-101517,AST-0135,Preventive,P3,2026-04-08,2026-04-27,2026-04-19,COMPLETE
WO-101518,AST-0038,Preventive,P3,2026-04-08,2026-04-29,2026-05-04,Closed
WO-101519,AST-0168,preventive,P2,2026-04-09,2026-04-16,2026-04-13,Completed
WO-101520,AST-0105,PM,P2,2026-04-09,,2026-04-28,Completed
WO-101521,AST-0089,Emergency,1,2026-04-10,2026-04-12,,CANCELLED
WO-101522,AST-0078,Preventive,P3,2026-04-11,2026-05-09,2026-06-04,Completed
WO-101523,AST-0189,Preventive,P4,2026-04-11,2026-05-16,2026-06-09,Completed
WO-101524,AST-0043,Inspection,P4,2026-04-11,2026-05-12,2026-04-27,Completed
WO-101525,AST-0007,PM,2,2026-04-11,2026-04-19,2026-04-19,Closed
WO-101526,AST-0085,Corrective,P3,2026-04-12,2026-05-02,,CANCELLED
WO-101527,AST-0024,Preventive,P3,2026-04-12,2026-05-12,2026-06-11,completed 
WO-101528,AST-0124,Corrective,P3,2026-04-13,2026-05-08,,Cancelled
WO-101529,AST-0194,Preventive,P4,13/04/2026,29/05/2026,13/05/2026,Completed
WO-101530,AST-0033,INSP,P2,2026-04-13,2026-04-22,2026-04-16,Completed
WO-101531,AST-0147,Preventive,P3,2026-04-13,2026-04-29,2026-04-29,Completed
WO-101532,AST-0095,Corrective,P4,2026-04-13,2026-06-04,2026-04-14,Completed
WO-101533,AST-0142,corrective,P3,2026-04-13,2026-04-28,,Completed
WO-101534,AST-0114,Preventive,P3,2026-04-14,,2026-04-15,Completed
WO-101535,AST-0063,PREVENTIVE,3,2026-04-15,2026-05-13,31/02/2025,Completed
WO-101536,AST-0170,Corrective,P1,2026-04-15,2026-04-18,2026-04-16,completed 
WO-101537,AST-0051,Preventive,P2,16/04/2026,22/04/2026,21/04/2026,Completed
WO-101538,AST-0015,inspection,P2,18/04/2026,23/04/2026,19/04/2026,Completed
WO-101539,AST-0009,EMERGENCY,P1,2026-04-18,2026-04-21,2026-04-19,Completed
WO-101540,AST-0171,PM,P4,2026-04-19,2026-05-21,2026-05-06,Completed
WO-101541,AST-0130,Inspection,P3,20/04/2026,07/05/2026,,Open
WO-101542,AST-0004,Preventive,P2,2026-04-22,2026-05-01,2026-04-23,Completed
WO-101543,AST-0051,CM,P3,2026-04-23,2026-05-18,2026-04-29,Completed
WO-101544,AST-0046,preventive,,2026-04-23,2026-05-23,2026-05-16,COMPLETE
WO-101545,AST-0120,Corrective,P3,2026-04-23,2026-05-23,2026-06-01,Completed
WO-101546,AST-0001,PM,P3,2026-04-23,2026-05-08,2026-06-02,Completed
WO-101547,AST-0180,Preventive,4,2026-04-25,2026-06-14,2026-04-30,Closed
WO-101548,AST-0069,Preventive,P2,2026-04-26,2026-05-02,2026-04-29,COMPLETE
WO-101549,AST-0104,Inspection,P3,2026-04-26,2026-05-21,2026-05-29,Completed
WO-101550,AST-0018,PM,P4,2026-04-26,2026-06-22,2026-05-08,Completed
WO-101551,AST-0125,Preventive,P3,2026-04-26,2026-05-20,,Cancelled
WO-101552,AST-0047,INSP,P2,2026-04-26,2026-05-05,,In Progress
WO-101553,AST-0063,Corrective,P3,2026-04-27,2026-05-17,2026-05-11,Completed
WO-101554,AST-0024,inspection,P3,2026-04-27,2026-05-20,2026-05-09,Completed
WO-101555,AST-0160,Corrective,3,2026-04-28,2026-05-12,2026-05-01,Completed
WO-101556,AST-0073,PREVENTIVE,P4,2026-04-28,2026-06-12,2026-05-07,Completed
WO-101557,AST-0083,Corrective,P4,2026-04-28,2026-06-22,2026-06-13,COMPLETE
WO-101558,AST-0166,Preventive,P2,2026-04-28,2026-05-05,2026-05-31,Completed
WO-101559,AST-0128,Preventive,P4,2026-04-28,2026-06-05,2026-06-23,Completed
WO-101560,AST-0027,Preventive,P3,2026-04-28,2026-05-19,2026-05-18,COMPLETE
WO-101561,AST-0107,preventive,P3,2026-04-30,2026-05-21,2026-05-17,Completed
WO-101562,AST-0078,Preventive,P3,2026-04-30,2026-05-24,2026-05-29,COMPLETE
WO-101563,AST-0178,CM,P4,2026-04-30,2026-05-30,2026-05-22,Completed
WO-101564,AST-0043,Corrective,P3,2026-05-01,2026-05-18,2026-05-17,Completed
WO-101565,AST-0115,Corrective,P3,2026-05-01,2026-05-15,2026-05-14,Completed
WO-101566,AST-0059,Corrective,,2026-05-01,2026-05-28,2026-05-10,Completed
WO-101567,AST-0107,Preventive,P2,2026-05-01,2026-05-10,2026-05-01,Completed
WO-101568,AST-0091,Preventive,3,2026-05-02,2026-05-26,2026-05-20,Completed
WO-101569,AST-0153,Preventive,P2,2026-05-02,2026-05-07,2026-05-07,Completed
WO-101570,AST-0145,Emergency,P1,2026-05-02,2026-05-04,2026-05-19,Completed
WO-101571,AST-0195,PREVENTIVE,P2,2026-05-03,2026-05-13,2026-05-10,Completed
WO-101572,AST-0086,Corrective,P3,2026-05-03,2026-05-20,2026-05-19,Completed
WO-101573,AST-0145,Preventive,4,04/05/2026,18/06/2026,10/07/2026,Completed
WO-101574,AST-0037,Corrective,P4,2026-05-04,2026-06-23,,OPEN
WO-101575,AST-0100,Preventive,,2026-05-05,2026-05-25,2026-06-13,COMPLETE
WO-101576,AST-0111,Corrective,P3,2026-05-05,2026-05-31,,Completed
WO-101577,AST-0088,Preventive,P1,2026-05-06,2026-05-07,2026-05-07,Completed
WO-101578,AST-0019,Emergency,1,2026-05-06,2026-05-07,2026-05-07,Closed
WO-101579,AST-0168,Preventive,2,2026-05-06,2026-05-16,2026-04-26,Completed
WO-101580,AST-0189,Corrective,P2,2026-05-07,2026-05-15,2026-05-13,Completed
WO-101581,AST-0009,Preventive,P2,2026-05-07,2026-05-15,2026-05-09,Closed
WO-101582,AST-0200,CM,P4,2026-05-07,2026-06-25,2026-07-01,Completed
WO-101583,AST-0081,preventive,P3,2026-05-07,2026-06-06,2026-05-27,Completed
WO-101584,AST-0123,EM,P1,2026-05-08,2026-05-10,2026-05-08,Completed
WO-101585,AST-0012,PREVENTIVE,P4,2026-05-09,2026-06-19,2026-05-12,Completed
WO-101586,AST-0011,Corrective,3,2026-05-09,2026-06-08,2026-05-10,COMPLETE
WO-101587,AST-0023,Preventive,P3,2026-05-09,2026-06-08,,Cancelled
WO-101588,AST-0136,PREVENTIVE,P1,2026-05-09,2026-05-10,2026-05-10,Completed
WO-101589,AST-0093,Inspection,P4,2026-05-09,2026-06-19,,Open
WO-101590,AST-0048,Corrective,P4,2026-05-10,2026-06-13,2026-06-05,Completed
WO-101591,AST-0147,Inspection,P3,2026-05-10,2026-06-03,2026-05-15,Completed
WO-101592,AST-0197,Preventive,P3,2026-05-10,2026-05-29,2026-05-12,Completed
WO-101593,AST-0189,Preventive,P3,2026-05-11,2026-06-02,2026-05-17,Completed
WO-101594,AST-0123,EMERGENCY,P1,2026-05-11,2026-05-14,2026-05-14,Completed
WO-101595,AST-0071,Corrective,P1,11/05/2026,13/05/2026,22/05/2026,Completed
WO-101596,AST-0120,Preventive,3,2026-05-11,2026-05-28,2026-05-07,Completed
WO-101597,AST-0057,Preventive,P4,2026-05-12,2026-07-08,2026-06-29,Completed
WO-101598,AST-0175,Corrective,P3,2026-05-12,2026-05-27,,in progress
WO-101599,AST-0125,corrective,P3,2026-05-12,2026-06-01,2026-05-19,Completed
WO-101600,AST-0153,PREVENTIVE,3,2026-05-13,2026-05-29,2026-05-24,Completed
WO-101601,AST-0174,Preventive,3,13/05/2026,30/05/2026,04/06/2026,Completed
WO-101602,AST-0030,Preventive,P3,13/05/2026,05/06/2026,24/05/2026,Completed
WO-101603,AST-0169,Preventive,P3,2026-05-13,2026-06-11,2026-06-05,Completed
WO-101604,AST-0107,Corrective,P1,2026-05-14,2026-05-16,2026-05-15,Completed
WO-101605,AST-9020,Inspection,P3,2026-05-14,2026-06-01,2026-05-23,Completed
WO-101606,AST-0185,PREVENTIVE,4,2026-05-14,2026-07-11,2026-07-02,Completed
WO-101607,AST-0040,Corrective,,2026-05-14,2026-06-08,2026-05-17,Completed
WO-101608,AST-0141,Preventive,P2,2026-05-14,2026-05-20,2026-05-14,Closed
WO-101609,AST-0074,PM,P3,2026-05-16,2026-06-04,2026-05-25,Completed
WO-101610,AST-0020,EM,P1,2026-05-16,2026-05-17,2026-05-17,completed 
WO-101611,AST-0025,Emergency,P1,2026-05-16,2026-05-18,2026-05-28,Completed
WO-101612,AST-0088,corrective,P2,2026-05-17,2026-05-24,2026-05-21,Completed
WO-101613,AST-0006,Corrective,P4,2026-05-17,2026-06-30,2026-06-06,Completed
WO-101614,AST-0198,Preventive,P3,2026-05-18,2026-06-07,2026-06-03,Completed
WO-101615,AST-0193,Corrective,P3,18/05/2026,13/06/2026,08/07/2026,completed 
WO-101616,AST-0012,Preventive,P4,2026-05-18,2026-07-12,2026-06-28,Completed
WO-101617,AST-0163,preventive,P3,2026-05-19,2026-06-15,2026-06-02,Closed
WO-101618,AST-0161,PREVENTIVE,P3,2026-05-19,,2026-06-26,Completed
WO-101619,AST-0163,preventive,,2026-05-19,2026-07-04,2026-06-06,Completed
WO-101620,AST-0111,Preventive,2,2026-05-19,2026-05-26,2026-05-23,COMPLETE
WO-101621,AST-0141,EM,P1,2026-05-20,2026-05-21,2026-05-20,Closed
WO-101622,AST-0021,Corrective,,2026-05-20,2026-05-27,2026-05-28,Completed
WO-101623,AST-0181,corrective,P4,2026-05-21,2026-06-20,,In Progress
WO-101624,AST-0092,Preventive,P3,2026-05-21,2026-06-04,2026-05-27,Completed
WO-101625,AST-0060,Preventive,3,2026-05-21,2026-06-11,2026-06-11,completed 
WO-101626,AST-0177,Preventive,P4,2026-05-22,2026-06-24,2026-05-24,COMPLETE
WO-101627,AST-0017,Inspection,P4,2026-05-22,2026-07-19,2026-07-11,Completed
WO-101628,AST-0047,Preventive,P3,2026-05-22,2026-06-08,2026-05-25,Closed
WO-101629,AST-0165,Corrective,P4,2026-05-22,,2026-06-16,Completed
WO-101630,AST-0045,Corrective,P3,2026-05-23,2026-06-21,,Open
WO-101631,AST-0077,Corrective,P3,2026-05-23,2026-06-15,2026-05-22,COMPLETE
WO-101632,AST-0104,Inspection,,2026-05-24,2026-06-03,,Open
WO-101633,AST-0031,Emergency,P1,2024-13-45,2026-05-26,2026-05-28,COMPLETE
WO-101634,AST-0086,Inspection,P2,2026-05-25,2026-06-03,2026-06-01,Closed
WO-101635,AST-0134,Preventive,P3,2026-05-26,2026-06-18,2026-06-28,Completed
WO-101636,AST-0028,Preventive,P2,2026-05-26,2026-05-31,2026-05-29,Closed
WO-101637,AST-0098,Corrective,P2,2026-05-26,2026-06-02,2026-06-02,Completed
WO-101638,AST-0154,Corrective,P3,2026-05-27,2026-06-13,2026-06-03,completed 
WO-101639,AST-0028,Preventive,P4,2026-05-27,2026-07-12,2026-06-13,Completed
WO-101640,AST-0011,Preventive,P3,2026-05-27,2026-06-23,,IN_PROGRESS
WO-101641,AST-0196,Corrective,P4,2026-05-27,2026-07-05,2026-06-24,completed 
WO-101642,AST-0107,Preventive,P1,2026-05-27,,,Open
WO-101643,AST-0155,Preventive,P3,2026-05-28,2026-06-14,2026-06-04,Completed
WO-101644,AST-0181,PM,P2,2026-05-28,2026-06-05,2026-05-31,Completed
WO-101645,AST-0119,Inspection,P3,2026-05-28,2026-06-19,2026-06-10,Completed
WO-101646,AST-0006,Preventive,P3,29/05/2026,25/06/2026,31/05/2026,Completed
WO-101647,AST-0119,Preventive,P1,2026-05-29,2026-05-31,2026-05-31,completed 
WO-101648,AST-0047,PREVENTIVE,P2,2026-05-30,2026-06-05,2026-06-03,Completed
WO-101649,AST-0109,Preventive,2,2026-05-31,2026-06-06,2026-05-31,Completed
WO-101650,AST-0116,PREVENTIVE,P2,2026-05-31,2026-06-06,2026-06-04,Completed
WO-101651,AST-0151,Preventive,P1,2026-05-31,2026-06-02,2026-06-01,Completed
WO-101652,AST-0100,Preventive,P3,2026-05-31,2026-06-29,,Open
WO-101653,AST-9018,Preventive,P3,2026-05-31,2026-06-26,2026-06-02,Closed
WO-101654,AST-0166,Corrective,P4,2026-06-01,2026-07-21,2026-06-16,Completed
WO-101655,AST-0067,Preventive,P3,2026-06-01,2026-06-29,2026-07-18,completed 
WO-101656,AST-0183,Corrective,P3,2026-06-01,2026-06-16,2026-05-26,Completed
WO-101657,AST-0114,Inspection,P2,2026-06-01,2026-06-10,2026-06-08,Completed
WO-101658,AST-0198,Corrective,4,2026-06-01,2026-07-31,,Cancelled
WO-101659,AST-9009,Preventive,P4,02/06/2026,14/07/2026,,In Progress
WO-101660,AST-0087,Emergency,P1,2026-06-02,2026-06-05,2026-06-04,completed 
WO-101661,AST-0055,Corrective,P4,2026-06-03,2026-07-03,,Completed
WO-101662,AST-0161,Inspection,P3,2026-06-03,2026-06-21,2026-06-05,Completed
WO-101663,AST-0033,PREVENTIVE,P2,2026-06-03,,,CANCELLED
WO-101664,AST-0092,Preventive,P4,2026-06-04,2026-07-05,2026-06-23,Completed
WO-101665,AST-0016,Preventive,P2,2026-06-04,2026-06-13,2026-06-12,Completed
WO-101666,AST-0093,Corrective,P2,2026-06-05,2026-06-13,2026-06-11,Completed
WO-101667,AST-0195,Preventive,P4,05/06/2026,04/08/2026,09/08/2026,Completed
WO-101668,AST-0082,Corrective,P2,2026-06-05,2026-06-15,2026-06-07,Completed
WO-101669,AST-0168,Preventive,P1,2026-06-06,2026-06-09,2026-06-07,Closed
WO-101670,AST-0087,Corrective,P3,2026-06-06,2026-06-20,2026-06-12,Completed
WO-101671,AST-0074,Preventive,P3,2026-06-06,2026-06-30,2026-06-28,Completed
WO-101672,AST-0067,Preventive,P2,2026-06-07,2026-06-15,2026-06-07,Completed
WO-101673,AST-0016,Corrective,P4,2026-06-07,2026-07-26,2026-07-05,Completed
WO-101674,AST-0028,Preventive,P3,2026-06-07,2026-06-26,,Open
WO-101675,AST-0062,Corrective,P3,2026-06-08,2026-07-05,2026-06-21,Completed
WO-101676,AST-0064,Preventive,3,2026-06-08,2026-07-04,2026-06-14,Completed
WO-101677,AST-0072,Corrective,P4,2026-06-09,2026-07-15,2026-06-06,Completed
WO-101678,AST-0173,INSP,P3,2026-06-09,2026-07-07,2026-07-01,Completed
WO-101679,AST-0087,PREVENTIVE,P3,2026-06-09,2026-07-04,2026-06-15,Completed
WO-101680,AST-0015,Preventive,P3,10/06/2026,04/07/2026,21/07/2026,Completed
WO-101681,AST-0108,Emergency,P1,2026-06-10,2026-06-13,2026-06-13,Completed
WO-101682,AST-0131,Preventive,P3,2026-06-10,2026-06-30,,Cancelled
WO-101683,AST-0044,Preventive,P2,2026-06-11,2026-06-18,,Completed
WO-101684,AST-0040,PREVENTIVE,P3,2026-06-11,2026-07-10,2026-06-14,COMPLETE
WO-101685,AST-0139,inspection,P2,2026-06-11,2026-06-16,2026-07-07,Completed
WO-101686,AST-0112,Preventive,P2,12/06/2026,18/06/2026,,In Progress
WO-101687,AST-0184,Inspection,,2026-06-12,2026-08-03,2026-07-16,Completed
WO-101688,AST-0038,Corrective,3,2026-06-13,2026-07-05,2026-06-16,Completed
WO-101689,AST-0131,Preventive,P4,2026-06-13,2026-08-06,2026-06-30,COMPLETE
WO-101690,AST-0132,Corrective,P3,2026-06-14,2026-07-06,2026-07-02,Completed
WO-101691,AST-0041,Inspection,P2,2026-06-14,,2026-06-14,Completed
WO-101692,AST-0091,PM,P2,14/06/2026,24/06/2026,16/06/2026,Closed
WO-101693,AST-0178,Preventive,P3,2026-06-14,2026-07-12,2026-07-02,Completed
WO-101694,AST-0099,CM,P4,2026-06-15,2026-08-02,2026-08-09,Completed
WO-101695,AST-0083,Preventive,P3,2026-06-15,2026-07-01,2026-06-27,Completed
WO-101696,AST-0183,preventive,P3,2026-06-16,2026-07-01,2026-07-14,Completed
WO-101697,AST-0034,Preventive,P1,2026-06-16,2026-06-18,2026-06-16,completed 
WO-101698,AST-0167,Inspection,P4,2026-06-16,2026-08-03,2026-07-23,Completed
WO-101699,AST-0080,EM,,2026-06-16,2026-06-17,2026-06-16,Completed
WO-101700,AST-0170,corrective,P2,2026-06-18,2026-06-26,2026-06-22,Completed
WO-101701,AST-0129,corrective,P4,2026-06-19,2026-08-12,2026-07-09,Completed
WO-101702,AST-0128,Corrective,3,20/06/2026,07/07/2026,01/07/2026,Completed
WO-101703,AST-0006,Preventive,,2026-06-20,2026-08-05,2026-08-27,Completed
WO-101704,AST-0132,Corrective,2,2026-06-20,2026-06-27,2026-06-24,Completed
WO-101705,AST-0076,Corrective,P3,21/06/2026,16/07/2026,26/06/2026,COMPLETE
WO-101706,AST-0081,CM,P3,2026-06-21,2026-07-05,2026-06-21,Completed
WO-101707,AST-0181,Preventive,P3,2026-06-22,2026-07-06,2026-07-01,completed 
WO-101708,AST-0094,preventive,P3,2026-06-22,2026-07-19,,Open
WO-101709,AST-0180,CM,P3,2026-06-22,2026-07-07,2026-07-23,COMPLETE
WO-101710,AST-0053,Corrective,P3,2026-06-22,2026-07-18,,Cancelled
WO-101711,AST-0169,Preventive,P4,22/06/2026,28/07/2026,01/08/2026,Completed
WO-101712,AST-0040,Preventive,P3,2026-06-23,2026-07-11,2026-07-09,COMPLETE
WO-101713,AST-0164,Corrective,P2,2026-06-23,2026-07-01,2026-07-01,Completed
WO-101714,AST-0072,PREVENTIVE,P1,2026-06-23,2026-06-26,2026-06-24,Completed
WO-101715,AST-0141,Preventive,P2,2026-06-24,2026-07-01,2026-06-24,completed 
WO-101716,AST-0117,Inspection,,2026-06-24,2026-07-01,2026-06-29,Completed
WO-101717,AST-0004,Inspection,P1,2026-06-25,2026-06-27,2026-06-26,Completed
WO-101718,AST-0113,Corrective,P2,2026-06-25,2026-07-05,2026-06-25,Completed
WO-101719,AST-0029,Emergency,P1,2026-06-25,2026-06-27,2026-06-26,Completed
WO-101720,AST-0088,Corrective,,26/06/2026,15/08/2026,09/07/2026,Completed
WO-101721,AST-0129,Corrective,P2,2026-06-26,2026-07-05,2026-07-05,Closed
WO-101722,AST-0006,Preventive,P3,2026-06-26,2026-07-17,2026-06-28,Completed
WO-101723,AST-0048,Preventive,4,2026-06-26,2026-08-24,,Open
WO-101724,AST-0176,PREVENTIVE,P3,2026-06-26,2026-07-22,2026-07-13,Completed
WO-101725,AST-0178,corrective,,2026-06-27,2026-07-02,2026-06-30,Completed
WO-101726,AST-0165,Corrective,P4,2026-06-27,2026-07-29,2026-07-15,Completed
WO-101727,AST-0194,Corrective,3,2026-06-27,2026-07-17,,Completed
WO-101728,AST-0031,Corrective,P3,2026-06-27,2026-07-23,2026-06-29,completed 
WO-101729,AST-0042,CM,P4,2026-06-28,2026-08-22,,Open
WO-101730,AST-0134,preventive,P3,2026-06-28,2026-07-24,2026-07-12,Completed
WO-101731,AST-0073,CM,P4,2026-06-28,2026-08-24,2026-07-19,Completed
WO-101732,AST-0117,Preventive,,2026-06-29,2026-08-06,2026-07-20,COMPLETE
WO-101733,AST-9004,Corrective,P3,2026-06-30,2026-07-29,2026-07-01,Completed
WO-101734,AST-0181,Preventive,,2026-06-30,2026-07-09,2026-07-05,Completed
WO-101735,AST-0117,Corrective,P3,2026-06-30,2026-07-27,2026-07-12,Completed
WO-101736,AST-0133,Preventive,P4,2026-07-01,2026-08-13,2026-08-05,completed 
WO-101737,AST-0078,Preventive,P2,2026-07-01,2026-07-08,2026-07-24,Closed
WO-101738,AST-0010,Corrective,2,2026-07-01,2026-07-10,2026-07-01,Completed
WO-101739,AST-0183,inspection,,2026-07-02,2026-07-25,2026-07-17,Completed
WO-101740,AST-0175,Preventive,P3,2026-07-02,2026-07-26,2026-07-18,Completed
WO-101741,AST-0122,PREVENTIVE,P3,2026-07-03,2026-07-27,2026-07-16,Completed
WO-101742,AST-0142,Corrective,P3,2026-07-03,2026-07-30,2026-07-15,Completed
WO-101743,AST-0035,Corrective,P3,2026-07-03,2026-08-02,2026-07-03,Completed
WO-101744,AST-0125,Corrective,P3,2026-07-03,2026-07-24,2026-07-26,Completed
WO-101745,AST-0041,Corrective,P1,2026-07-04,2026-07-06,,Cancelled
WO-101746,AST-0149,Inspection,P2,2026-07-04,2026-07-09,2026-08-06,Completed
WO-101747,AST-0122,Corrective,3,2026-07-04,2026-07-24,2026-07-08,Completed
WO-101748,AST-0193,Preventive,P3,2026-07-04,2026-07-24,2026-07-12,Completed
WO-101749,AST-0174,Emergency,P1,2026-07-04,2026-07-07,2026-08-05,Completed
WO-101750,AST-0068,Preventive,P2,2026-07-04,2026-07-12,2026-07-06,Completed
WO-101751,AST-0191,Corrective,P3,2026-07-05,2026-08-02,2026-07-15,Completed
WO-101752,AST-0112,Corrective,,2026-07-05,2026-09-02,2026-07-25,Completed
WO-101753,AST-0117,Corrective,P3,2026-07-06,2026-08-04,2026-08-01,Completed
WO-101754,AST-0066,Preventive,P3,2026-07-07,2026-07-24,2026-07-18,Completed
WO-101755,AST-0053,corrective,P2,2026-07-07,2026-07-12,2026-07-08,Closed
WO-101756,AST-0162,Corrective,P2,07/07/2026,16/07/2026,07/07/2026,Completed
WO-101757,AST-0026,corrective,P3,2026-07-07,2026-08-01,2026-07-27,Completed
WO-101758,AST-0159,CM,P3,2026-07-08,2026-07-29,2026-07-14,Completed
WO-101759,AST-0099,Corrective,P3,2026-07-09,2026-07-28,,Cancelled
WO-101760,AST-0151,Inspection,P3,2026-07-09,2026-07-28,2026-07-19,Completed
WO-101761,AST-0159,Emergency,P1,2026-07-09,2026-07-10,2026-07-23,Completed
WO-101762,AST-0146,Preventive,3,2026-07-10,2026-08-06,2026-07-16,Completed
WO-101763,AST-0010,Inspection,P4,2026-07-10,2026-08-23,2026-08-20,Completed
WO-101764,AST-0056,EMERGENCY,,2026-07-10,2026-07-11,2026-07-10,Completed
WO-101765,AST-0108,Preventive,P3,2026-07-10,,2026-07-16,Completed
WO-101766,AST-0082,Preventive,P2,2026-07-11,2026-07-16,2026-08-01,Completed
WO-101767,AST-0112,Corrective,P3,2026-07-12,2026-07-28,2026-07-19,COMPLETE
WO-101768,AST-0063,Emergency,P1,2026-07-12,2026-07-15,2026-07-13,Completed
WO-101769,AST-0110,Emergency,P1,2026-07-13,2026-07-16,2026-08-11,Completed
WO-101770,AST-0101,Corrective,P3,2026-07-13,2026-08-04,2026-07-19,Completed
WO-101771,AST-0019,corrective,P3,2026-07-13,2026-07-30,2026-08-21,Completed
WO-101772,AST-0112,Corrective,P4,2026-07-13,2026-08-22,,IN_PROGRESS
WO-101773,AST-0017,Corrective,P2,2026-07-14,2026-07-19,2026-08-04,Completed
WO-101774,AST-0177,Emergency,P1,2026-07-14,2026-07-16,2026-07-15,Completed
WO-101775,AST-0052,Preventive,P2,2026-07-15,2026-07-24,2026-07-22,Completed
WO-101776,AST-0036,PREVENTIVE,P3,2026-07-17,2026-08-12,2026-07-19,Closed
WO-101777,AST-0156,Corrective,P3,2026-07-17,2026-08-09,2026-07-21,completed 
WO-101778,AST-9014,Preventive,P3,2026-07-18,2026-08-15,2026-07-18,Completed
WO-101779,AST-0165,Preventive,P3,2026-07-19,2026-08-14,2026-09-12,Completed
WO-101780,AST-0119,Corrective,P3,19/07/2026,15/08/2026,09/08/2026,Completed
WO-101781,AST-0088,Inspection,P2,2026-07-19,2026-07-24,2026-07-22,Completed
WO-101782,AST-0126,Corrective,P3,2026-07-20,2026-08-18,2026-07-31,Completed
WO-101783,AST-0013,Preventive,4,2026-07-20,2026-09-18,2026-09-12,completed 
WO-101784,AST-0057,Preventive,P1,20/07/2026,22/07/2026,22/07/2026,Completed
WO-101785,AST-0118,PREVENTIVE,3,2026-07-20,2026-08-03,,Open
WO-101786,AST-0023,preventive,P2,2026-07-21,2026-07-29,2026-07-28,Closed
WO-101787,AST-0121,inspection,P3,2026-07-22,2026-08-18,2026-07-24,completed 
WO-101788,AST-0009,Preventive,P2,2026-07-22,2026-07-29,,Open
WO-101789,AST-0019,CM,P3,2026-07-22,2026-08-05,2026-08-05,Completed
WO-101790,AST-0059,Preventive,P4,2026-07-23,2026-09-16,2026-09-20,Completed
WO-101791,AST-0111,Corrective,P3,23/07/2026,18/08/2026,,In Progress
WO-101792,AST-0143,Corrective,P2,2026-07-23,2026-07-29,2026-07-24,Completed
WO-101793,AST-0001,CM,P3,23/07/2026,07/08/2026,05/09/2026,COMPLETE
WO-101794,AST-0178,Preventive,P3,2026-07-23,2026-08-22,2026-07-28,completed 
WO-101795,AST-0071,Preventive,P3,2026-07-23,2026-08-20,2026-08-25,Completed
WO-101796,AST-0199,Inspection,P2,2026-07-23,2026-07-31,2026-07-25,Completed
WO-101797,AST-0013,Preventive,P2,2026-07-24,2026-08-01,2026-07-29,COMPLETE
WO-101798,AST-0010,PREVENTIVE,P3,2026-07-24,2026-08-14,,Open
WO-101799,AST-0145,Corrective,P3,2026-07-24,2026-08-17,2026-08-17,Completed
WO-101800,AST-0045,Preventive,P2,2026-07-24,2026-08-03,N/A,Completed
WO-101801,AST-0031,Inspection,P1,2026-07-24,2026-07-27,2026-07-26,Completed
WO-101802,AST-0011,Corrective,P4,2026-07-24,2026-09-05,2026-08-11,COMPLETE
WO-101803,AST-0065,Preventive,P3,2026-07-25,2026-08-24,2026-08-16,Closed
WO-101804,AST-0058,Preventive,P2,2026-07-25,2026-08-02,2026-07-26,Completed
WO-101805,AST-0194,Preventive,P3,26/07/2026,17/08/2026,05/08/2026,Completed
WO-101806,AST-0098,Corrective,P3,2026-07-26,2026-08-25,2026-07-30,Completed
WO-101807,AST-0113,Preventive,P2,2026-07-26,2026-08-01,2026-07-26,Completed
WO-101808,AST-0088,Corrective,P2,2026-07-26,2026-08-03,2026-07-30,Completed
WO-101809,AST-0081,preventive,P4,2026-07-26,2026-09-05,2026-07-23,Completed
WO-101810,AST-0125,PM,P4,2026-07-26,2026-08-29,2026-08-15,Completed
WO-101811,AST-0068,inspection,P1,2026-07-27,2026-07-29,2026-08-19,Completed
WO-101812,AST-0124,Inspection,,2026-07-27,2026-09-08,2026-07-29,Closed
WO-101813,AST-0035,Emergency,P1,2026-07-27,2026-07-28,2026-07-28,Completed
WO-101814,AST-0097,corrective,P4,2026-07-27,2026-09-15,2026-09-07,Completed
WO-101815,AST-0148,corrective,P2,2026-07-27,2026-08-01,,Open
WO-101816,AST-0158,Corrective,P2,2026-07-27,2026-08-04,,In Progress
WO-101817,AST-0119,preventive,P3,2026-07-28,2026-08-18,2026-08-14,Completed
WO-101818,AST-0031,Emergency,P1,2026-07-28,2026-07-30,2026-08-20,Completed
WO-101819,AST-0032,Corrective,P4,2026-07-28,2026-09-08,,Completed
WO-101820,AST-9007,Preventive,P3,2026-07-28,2026-08-22,2026-07-27,Closed
WO-101821,AST-0102,Preventive,P3,2026-07-29,2026-08-16,2026-08-04,Closed
WO-101822,AST-0028,PREVENTIVE,P3,2026-07-29,2026-08-13,2026-07-30,Completed
WO-101823,AST-0012,Preventive,P3,2026-07-29,2026-08-24,2026-08-06,Completed
WO-101824,AST-0150,Preventive,,2026-07-29,2026-09-07,2026-09-26,COMPLETE
WO-101825,AST-0036,Preventive,,2026-07-30,2026-08-27,2026-08-05,Completed
WO-101826,AST-0058,Preventive,P3,2026-08-01,2026-08-20,,Open
WO-101827,AST-0123,preventive,P3,2026-08-01,2026-08-28,2026-08-27,Closed
WO-101828,AST-0096,Inspection,4,2026-08-02,,2026-08-21,COMPLETE
WO-101829,AST-0093,Emergency,P1,2026-08-02,2026-08-03,,Open
WO-101830,AST-0029,Preventive,P2,2026-08-03,2026-08-10,2026-08-23,Completed
WO-101831,AST-0048,Preventive,P3,2026-08-03,2026-09-02,,In Progress
WO-101832,AST-0046,Preventive,P1,2026-08-03,2026-08-06,2026-08-16,Completed
WO-101833,AST-0031,Preventive,P4,2026-08-04,2026-10-01,,open
WO-101834,AST-0072,Preventive,P2,2026-08-04,2026-08-10,,In Progress
WO-101835,AST-0035,Emergency,P1,2026-08-04,2026-08-05,2026-08-04,Completed
WO-101836,AST-0002,Corrective,P2,2026-08-05,2026-08-13,2026-08-08,Completed
WO-101837,AST-0165,Preventive,4,2026-08-05,2026-09-17,,OPEN
WO-101838,AST-0056,Preventive,P2,2026-08-05,2026-08-12,,In Progress
WO-101839,AST-0169,Preventive,4,2026-08-05,2026-09-04,2026-09-04,Closed
WO-101840,AST-0140,Preventive,3,2026-08-05,2026-08-22,,Open
WO-101841,AST-0089,Inspection,3,2026-08-05,2026-08-19,,In Progress
WO-101842,AST-0033,Preventive,P4,2026-08-05,2026-09-26,2026-08-08,Completed
WO-101843,AST-0125,Preventive,P2,06/08/2026,11/08/2026,17/08/2026,Closed
WO-101844,AST-0107,CM,P3,2026-08-06,2026-08-28,2026-09-27,Completed
WO-101845,AST-0003,PREVENTIVE,P2,2026-08-07,2026-08-16,2026-08-11,Completed
WO-101846,AST-0035,Preventive,P2,2026-08-07,2026-08-14,,open
WO-101847,AST-0197,PREVENTIVE,P4,2026-08-07,2026-09-28,2026-08-01,Completed
WO-101848,AST-0087,Preventive,P4,2026-08-07,2026-10-05,,Open
WO-101849,AST-0163,Preventive,P3,2026-08-07,2026-09-06,,In Progress
WO-101850,AST-0140,CM,P3,2026-08-07,2026-08-21,2026-08-11,Completed
WO-101851,AST-0112,CM,P3,2026-08-07,2026-08-22,2026-08-20,Completed
WO-101852,AST-0017,Preventive,P4,2026-08-08,2026-09-12,,In Progress
WO-101853,AST-0048,Preventive,P1,08/08/2026,11/08/2026,10/08/2026,Completed
WO-101854,AST-0133,Corrective,P4,2026-08-08,2026-09-16,2026-08-18,Completed
WO-101855,AST-0126,PM,4,2026-08-08,2026-09-12,2026-09-29,Completed
WO-101856,AST-0021,Preventive,P2,2026-08-09,2026-08-19,2026-08-09,completed 
WO-101857,AST-0044,CM,P2,2026-08-09,2026-08-18,,Open
WO-101858,AST-0017,Preventive,P3,2026-08-10,2026-09-04,2026-08-19,Completed
WO-101859,AST-0036,PREVENTIVE,P3,2026-08-10,2026-08-31,,OPEN
WO-101860,AST-0153,Corrective,P2,10/08/2026,20/08/2026,08/09/2026,Completed
WO-101861,AST-0047,Corrective,3,2026-08-10,2026-08-31,2026-08-15,Completed
WO-101862,AST-0137,preventive,P3,2026-08-11,2026-09-06,,Open
WO-101863,AST-0141,Emergency,1,2026-08-11,,,In Progress
WO-101864,AST-0028,PM,P2,2026-08-11,2026-08-18,2026-08-16,Completed
WO-101865,AST-0198,Corrective,,2026-08-12,2026-09-23,2026-09-06,Completed
WO-101866,AST-0098,Preventive,P2,2026-08-12,2026-08-18,,Open
WO-101867,AST-0021,Corrective,P3,2026-08-12,2026-08-29,2026-08-16,Closed
WO-101868,AST-0137,PREVENTIVE,P3,2026-08-13,2026-09-11,,Open
WO-101869,AST-0129,Corrective,P2,2026-08-13,2026-08-23,,Cancelled
WO-101870,AST-0117,inspection,P3,2026-08-14,,,in progress
WO-101871,AST-0164,CM,P3,2026-08-14,2026-09-12,2026-09-12,Completed
WO-101872,AST-9013,Corrective,P4,2026-08-14,2026-10-07,,Open
WO-101873,AST-0003,Corrective,P3,2026-08-15,2026-09-05,2026-08-15,Completed
WO-101874,AST-0032,Preventive,,2026-08-15,2026-09-14,2026-08-22,Completed
WO-101875,AST-0079,Emergency,P1,2026-08-16,2026-08-17,2026-09-12,Completed
WO-101876,AST-0116,inspection,P4,2026-08-16,2026-10-13,2026-08-16,Completed
WO-101877,AST-0066,Inspection,P4,2026-08-17,2026-10-01,2026-09-18,Completed
WO-101878,AST-0064,Emergency,1,2026-08-17,2026-08-19,2026-08-19,COMPLETE
WO-101879,AST-0126,corrective,P3,2026-08-17,2026-09-13,2026-09-04,Completed
WO-101880,AST-0027,Preventive,P4,2026-08-17,2026-10-09,,In Progress
WO-101881,AST-0088,corrective,P4,2026-08-18,2026-09-28,2026-08-19,Closed
WO-101882,AST-0151,Corrective,3,2026-08-18,2026-09-16,,Open
WO-101883,AST-0065,Preventive,P2,2026-08-19,2026-08-28,,Open
WO-101884,AST-0157,INSP,P2,2026-08-20,2026-08-26,2026-08-23,Completed
WO-101885,AST-9004,Preventive,P3,2026-08-20,2026-09-07,2026-08-28,COMPLETE
WO-101886,AST-0046,Preventive,P2,2026-08-21,2026-08-31,,Open
WO-101887,AST-0015,Corrective,P3,2026-08-21,2026-09-14,,Cancelled
WO-101888,AST-0031,preventive,P3,21/08/2026,06/09/2026,24/08/2026,Completed
WO-101889,AST-0115,Preventive,P3,2026-08-22,2026-09-10,,Completed
WO-101890,AST-0179,CM,2,2026-08-23,2026-09-02,2026-09-02,Completed
WO-101891,AST-0022,Preventive,P4,2026-08-23,2026-09-25,2026-08-31,Completed
WO-101892,AST-0134,Corrective,P4,24/08/2026,,,in progress
WO-101893,AST-0008,Preventive,4,2026-08-24,2026-10-04,,In Progress
WO-101894,AST-9003,Inspection,P4,2026-08-24,2026-10-08,,Open
WO-101895,AST-0117,Inspection,P1,2026-08-25,2026-08-26,2026-08-25,Completed
WO-101896,AST-0010,CM,P3,26/08/2026,13/09/2026,,Open
WO-101897,AST-0168,Emergency,P1,2026-08-27,2026-08-28,2026-08-28,completed 
WO-101898,AST-0023,Preventive,P4,2026-08-27,2026-10-17,,In Progress
WO-101899,AST-0067,preventive,P4,2026-08-29,2026-10-12,,Open
WO-101900,AST-0074,Inspection,P2,29/08/2026,04/09/2026,02/09/2026,Completed
WO-101901,AST-9019,Corrective,P2,2026-08-29,2026-09-05,2026-09-05,Completed
WO-101902,AST-0033,PM,P3,29/08/2026,21/09/2026,23/09/2026,Completed
WO-101903,AST-0084,Corrective,3,2026-08-29,2026-09-23,2026-09-27,Completed
WO-101904,AST-0197,Corrective,P4,2026-08-30,2026-10-20,,IN_PROGRESS
WO-101905,AST-0158,Corrective,P3,2026-08-30,2026-09-17,2026-09-14,Completed
WO-101906,AST-0092,Corrective,P4,2026-08-31,2026-10-08,2026-09-18,Completed
WO-101907,AST-0188,Corrective,P3,2026-08-31,2026-09-22,2026-09-01,Completed
WO-101908,AST-0184,Corrective,P3,2026-09-01,2026-09-27,2026-09-04,Closed
WO-101909,AST-0017,Preventive,P2,2026-09-02,2026-09-09,,In Progress
WO-101910,AST-0100,Corrective,P3,2026-09-02,2026-09-20,2026-09-13,completed 
WO-101911,AST-0155,Inspection,P4,2026-09-02,2026-10-20,,In Progress
WO-101912,AST-0143,corrective,P4,2026-09-03,2026-10-10,,In Progress
WO-101913,AST-0028,Preventive,P3,2026-09-03,2026-09-26,,OPEN
WO-101914,AST-0042,Preventive,P2,2026-09-03,2026-09-13,,In Progress
WO-101915,AST-0193,corrective,2,2026-09-03,2026-09-09,,In Progress
WO-101916,AST-0125,Corrective,P4,2026-09-03,2026-10-21,2026-09-27,COMPLETE
WO-101917,AST-0192,Preventive,P3,2026-09-03,2026-09-19,2026-09-04,Completed
WO-101918,AST-0043,Corrective,P3,2026-09-04,2026-09-22,,In Progress
WO-101919,AST-0137,Preventive,P2,2026-09-04,2026-09-14,,In Progress
WO-101920,AST-0030,Corrective,P4,2026-09-04,2026-10-23,2026-09-18,Completed
WO-101921,AST-0172,Preventive,P3,2026-09-05,2026-09-24,,IN_PROGRESS
WO-101922,AST-0019,Preventive,P3,05/09/2026,02/10/2026,,open
WO-101923,AST-0020,Corrective,P2,2026-09-06,2026-09-16,2026-09-11,Completed
WO-101924,AST-0001,Preventive,P3,06/09/2026,06/10/2026,,In Progress
WO-101925,AST-0064,Preventive,3,2026-09-06,2026-09-24,,Completed
WO-101926,AST-0171,Preventive,P3,2026-09-06,2026-09-29,,Cancelled
WO-101927,AST-0178,Corrective,P1,2026-09-07,2026-09-08,2026-09-08,Completed
WO-101928,AST-0118,Inspection,P1,2026-09-07,2026-09-09,,Open
WO-101929,AST-0116,Preventive,P4,2026-09-07,2026-10-23,,IN_PROGRESS
WO-101930,AST-0081,Preventive,P1,2026-09-07,2026-09-08,,In Progress
WO-101931,AST-0038,Preventive,4,2026-09-07,2026-11-03,,Open
WO-101932,AST-0014,Corrective,P3,2026-09-07,2026-09-27,,In Progress
WO-101933,AST-0008,Preventive,P2,2026-09-07,2026-09-16,,In Progress
WO-101934,AST-0069,corrective,P3,07/09/2026,29/09/2026,19/09/2026,Completed
WO-101935,AST-0112,Preventive,P3,2026-09-08,2026-09-28,2026-09-18,Closed
WO-101936,AST-0099,Corrective,P4,2026-09-08,2026-11-06,,Open
WO-101937,AST-0097,Corrective,P3,2026-09-09,2026-10-03,,Open
WO-101938,AST-0153,Preventive,P4,2026-09-09,2026-10-17,2026-09-22,Completed
WO-101939,AST-9014,Preventive,P3,2026-09-10,2026-10-02,,In Progress
WO-101940,AST-0096,Corrective,P2,2026-09-10,2026-09-18,2026-09-16,completed 
WO-101941,AST-0002,Inspection,P4,2026-09-10,2026-10-23,,OPEN
WO-101942,AST-0097,Corrective,P3,2026-09-11,2026-09-25,,OPEN
WO-101943,AST-0114,Inspection,P3,2026-09-11,2026-09-27,,Open
WO-101944,AST-0108,PREVENTIVE,P3,2026-09-11,2026-10-05,2026-09-22,Completed
WO-101945,AST-0077,PREVENTIVE,P3,2026-09-12,2026-10-10,2026-09-30,Completed
WO-101946,AST-0037,Corrective,P2,12/09/2026,21/09/2026,13/09/2026,COMPLETE
WO-101947,AST-0109,corrective,,2026-09-13,,,Open
WO-101948,AST-0028,Preventive,P3,2026-09-13,2026-10-10,2026-09-19,Completed
WO-101949,AST-0033,Preventive,P2,2026-09-13,2026-09-19,2026-09-18,Completed
WO-101950,AST-0046,Corrective,P2,2026-09-13,2026-09-21,2026-09-18,completed 
WO-101951,AST-0058,Preventive,P3,2026-09-14,2026-10-11,2026-09-19,Completed
WO-101952,AST-0178,Corrective,P3,2026-09-14,2026-10-01,,In Progress
WO-101953,AST-0006,Preventive,P3,2026-09-14,2026-10-02,,In Progress
WO-101954,AST-0163,EMERGENCY,P1,2026-09-14,2026-09-16,,Open
WO-101955,AST-0033,Preventive,P2,2026-09-15,2026-09-23,2026-09-23,Completed
WO-101956,AST-0104,Corrective,P3,2026-09-15,2026-10-09,,In Progress
WO-101957,AST-0198,Preventive,P3,2026-09-15,2026-10-13,,IN_PROGRESS
WO-101958,AST-0011,PM,P3,2026-09-15,2026-10-15,,In Progress
WO-101959,AST-0035,Preventive,P4,2026-09-15,2026-11-04,,in progress
WO-101960,AST-0200,Preventive,P3,2026-09-15,2026-10-01,,Open
WO-101961,AST-9007,Preventive,P4,2026-09-16,2026-11-01,,open
WO-101962,AST-0001,Preventive,P3,2026-09-17,2026-10-08,,Open
WO-101963,AST-0064,Preventive,P3,2026-09-17,2026-10-04,,In Progress
WO-101964,AST-0046,inspection,P3,2026-09-18,2026-10-11,,Open
WO-101965,AST-0152,Corrective,P4,2026-09-18,2026-11-10,,Open
WO-101966,AST-0072,Preventive,P3,2026-09-18,2026-10-02,,In Progress
WO-101967,AST-0163,Corrective,P3,2026-09-18,2026-10-02,,Open
WO-101968,AST-0025,Preventive,P4,2026-09-18,2026-10-18,,In Progress
WO-101969,AST-0082,PM,P3,2026-09-19,2026-10-15,,open
WO-101970,AST-0005,CM,P3,2026-09-19,2026-10-06,,Open
WO-101971,AST-0158,PREVENTIVE,P2,2026-09-19,2026-09-27,,Open
WO-101972,AST-0185,Inspection,P4,2026-09-19,2026-11-08,,In Progress
WO-101973,AST-0034,Corrective,P3,2026-09-20,2026-10-07,,OPEN
WO-101974,AST-0180,Preventive,P3,2026-09-20,2026-10-17,,in progress
WO-101975,AST-0130,preventive,P4,2026-09-20,2026-10-27,,open
WO-101976,AST-0051,corrective,P2,2026-09-21,2026-09-26,,Open
WO-101977,AST-0058,Preventive,P4,21/09/2026,15/11/2026,,Open
WO-101978,AST-0047,Corrective,P2,2026-09-21,2026-09-27,,Cancelled
WO-101979,AST-0061,CM,P3,2026-09-22,2026-10-06,,IN_PROGRESS
WO-101980,AST-0133,Preventive,P3,2026-09-22,2026-10-16,,Open
WO-101981,AST-0184,Preventive,P4,2026-09-22,2026-10-30,,In Progress
WO-101982,AST-9014,CM,P1,2026-09-22,2026-09-23,2026-09-23,Completed
WO-101983,AST-0055,Corrective,P2,2026-09-22,2026-09-29,,Open
WO-101984,AST-0117,Inspection,3,2026-09-24,2026-10-08,,open
WO-101985,AST-0043,Corrective,P3,2026-09-24,2026-10-10,,Open
WO-101986,AST-0079,corrective,P4,2026-09-25,,,In Progress
WO-101987,AST-0011,Preventive,P1,2026-09-25,2026-09-28,2026-09-28,Completed
WO-101988,AST-0034,Preventive,P2,2026-09-25,0000-00-00,,In Progress
WO-101989,AST-0018,Preventive,P3,2026-09-26,2026-10-16,,In Progress
WO-101990,AST-0171,Corrective,P2,2026-09-26,2026-10-04,,in progress
WO-101991,AST-0184,Corrective,3,2026-09-27,2026-10-22,,in progress
WO-101992,AST-0129,Inspection,P3,2026-09-27,2026-10-26,,In Progress
WO-101993,AST-0009,Corrective,P1,2026-09-27,2026-09-28,2026-09-27,Completed
WO-101994,AST-0024,Inspection,,2026-09-27,2026-10-18,,Open
WO-101995,AST-0023,Preventive,P3,2026-09-27,2026-10-26,,open
WO-101996,AST-0101,CM,P3,27/09/2026,17/10/2026,,OPEN
WO-101997,AST-0011,Preventive,P3,2026-09-28,2026-10-16,,In Progress
WO-101998,AST-0052,Corrective,P3,2026-09-29,2026-10-15,,In Progress
WO-101999,AST-0022,CM,P2,2026-09-30,2026-10-07,,In Progress
WO-102000,AST-0156,Emergency,P1,2026-09-30,2026-10-03,,Cancelled
WO-100117,AST-0195,preventive,2,2024-11-14,2024-11-19,2024-11-17,Completed
WO-101358,AST-0090,corrective,P3,2026-02-13,2026-03-01,2026-07-21,Completed
WO-101932,AST-0014,Corrective,P3,2026-09-07,2026-09-27,2026-09-26,Completed
WO-101329,AST-0141,PREVENTIVE,2,2026-02-03,2026-02-13,2026-05-04,Completed
WO-101351,AST-0151,Preventive,1,2026-02-09,2026-02-11,2026-02-09,Completed
WO-101624,AST-0092,Preventive,P3,2026-05-21,2026-06-04,2026-05-27,Completed
WO-101640,AST-0011,Preventive,P3,2026-05-27,2026-06-23,2026-06-27,Completed
WO-100266,AST-0010,preventive,P4,2025-01-09,2025-03-06,2025-10-16,Completed
WO-100829,AST-0089,Corrective,P4,2025-08-08,2025-10-06,2026-04-25,Completed
WO-101611,AST-0025,Emergency,P1,2026-05-16,2026-05-18,2026-05-28,Completed
WO-101975,AST-0130,preventive,P4,2026-09-20,2026-10-27,2026-09-27,Completed
WO-101106,AST-0086,Preventive,P2,2025-11-11,2025-11-17,,Completed
WO-101968,AST-0025,Preventive,P4,2026-09-18,2026-10-18,2026-09-24,Completed
WO-101984,AST-0117,Inspection,3,2026-09-24,2026-10-08,,open
WO-101076,AST-0196,Preventive,P3,2025-10-31,2025-11-27,2025-12-16,Completed
WO-101458,AST-0149,PREVENTIVE,3,2026-03-20,2026-04-05,2026-03-22,Completed
WO-101909,AST-0017,Preventive,P2,2026-09-02,2026-09-09,2026-09-12,Completed
WO-100903,AST-0173,PREVENTIVE,P4,2025-08-31,2025-10-04,2025-10-03,Completed
WO-101173,AST-0133,Corrective,P3,2025-12-07,2025-12-27,2025-12-26,Completed
WO-100479,AST-0070,preventive,P4,2025-03-27,2025-05-14,2025-05-29,Completed
WO-100268,AST-0148,Emergency,P1,2025-01-11,2025-01-12,2025-01-11,Completed
WO-100062,AST-0053,Preventive,P2,2024-10-24,2024-11-02,2024-10-26,Completed
WO-101574,AST-0037,Corrective,P4,2026-05-04,2026-06-23,,OPEN
WO-101525,AST-0007,PM,2,2026-04-11,2026-04-19,2026-04-19,Closed
WO-101933,AST-0008,Preventive,P2,2026-09-07,2026-09-16,,In Progress
WO-100943,AST-0171,Preventive,P4,20/09/2025,06/11/2025,2026-01-19,Completed
WO-101623,AST-0181,corrective,P4,2026-05-21,2026-06-20,2026-06-01,Completed
WO-100667,AST-0128,Corrective,P4,2025-06-09,2025-07-16,2025-06-26,Completed
WO-101265,AST-0122,PM,P4,2026-01-06,2026-02-18,2026-09-20,Completed
WO-101935,AST-0112,Preventive,P3,2026-09-08,2026-09-28,2026-09-18,Closed
WO-100438,AST-0076,Corrective,P2,2025-03-10,2025-03-16,2025-03-11,COMPLETE
WO-101827,AST-0123,preventive,P3,2026-08-01,2026-08-28,2026-08-27,Closed
WO-101125,AST-0014,Corrective,P2,2025-11-18,2025-11-23,2025-11-26,completed 
WO-101967,AST-0163,Corrective,P3,2026-09-18,2026-10-02,,Open
WO-101027,AST-0060,Preventive,P4,2025-10-17,2025-12-05,2025-10-27,Completed
WO-101807,AST-0113,Preventive,P2,2026-07-26,2026-08-01,2026-07-26,Completed
WO-100905,AST-0123,preventive,P3,2025-09-01,2025-09-29,2026-04-15,Completed
WO-101411,AST-0144,CM,,2026-03-01,2026-03-04,2026-03-26,Closed
WO-100546,AST-0059,CM,P3,2025-04-19,2025-05-04,2026-01-14,Completed
WO-101579,AST-0168,Preventive,2,2026-05-06,2026-05-16,2026-04-26,Completed
